"Year - Month","Event","DataCards","Deaths","Injured","Missing","Houses Destroyed","Houses Damaged","Directly affected","Indirectly Affected","Relocated","Evacuated"
"1996/06","DROUGHT",2,0,0,0,0,0,0,0,0,0
"1996/07","DROUGHT",4,0,0,0,0,0,0,0,0,0
"1996/09","FLOOD",15,135,2,0,0,2810,1345191,0,0,0
"1996/10","FLOOD",2,34,0,0,0,479,12104,0,0,0
"1996/11","FLOOD",17,0,0,0,0,0,0,0,0,0
"1996/11","STORM",1,0,0,0,0,0,0,0,0,0
"1997/06","DROUGHT",3,0,0,0,0,0,0,0,0,0
"1997/07","DROUGHT",4,0,0,0,0,0,0,0,0,0
"1997/09","FLOOD",4,0,0,0,0,0,0,0,0,0
"1997/12","DROUGHT",14,0,0,0,0,0,0,0,0,0
"1998/06","DROUGHT",2,0,0,0,0,0,0,0,0,0
"1998/07","DROUGHT",4,0,0,0,0,0,0,0,0,0
"1998/08","DROUGHT",1,0,0,0,0,0,0,0,0,0
"1998/09","FLOOD",11,0,0,0,0,0,0,0,0,0
"1999/06","DROUGHT",2,0,0,0,0,0,0,0,0,0
"1999/07","DROUGHT",4,0,0,0,0,0,0,0,0,0
"1999/09","FLOOD",13,3,0,0,1,2,7849,0,0,675
"1999/10","FLOOD",8,0,0,0,0,0,0,0,0,0
"2000/02","LIGHTNING",1,3,0,0,0,0,0,0,0,0
"2000/03","LIGHTNING",1,1,0,0,0,0,0,0,0,0
"2000/03","STORM",4,4,0,0,56,85,0,0,0,0
"2000/04","LIGHTNING",1,1,0,0,0,0,0,0,0,0
"2000/04","STORM",4,2,16,0,75,591,0,0,0,0
"2000/05","STORM",3,0,0,0,152,0,33,0,0,0
"2000/06","DROUGHT",2,0,0,0,0,0,0,0,0,0
"2000/06","STORM",1,0,0,0,0,0,33,0,0,0
"2000/07","DROUGHT",5,0,0,0,0,0,0,0,0,0
"2000/07","FLOOD",5,3,0,0,7,0,30185,0,0,3161
"2000/07","STORM",1,0,4,0,26,0,0,0,0,0
"2000/09","FIRE",1,29,0,0,0,0,0,0,0,0
"2000/09","FLOOD",47,70,0,0,659,383,677759,0,0,77438
"2000/09","STORM",2,0,3,2,230,0,0,0,0,0
"2000/10","FLOOD",124,274,725,0,42,6861,2597638,0,0,0
"2000/10","STORM",1,1,0,0,58,0,0,0,0,0
"2001/01","FIRE",1,0,0,0,0,0,489,0,0,0
"2001/01","STORM",1,0,0,0,0,0,912,0,0,0
"2001/03","LIGHTNING",2,2,0,0,0,0,0,0,0,0
"2001/04","LIGHTNING",1,1,0,0,0,0,0,0,0,0
"2001/04","STORM",1,0,0,0,17,0,0,0,0,0
"2001/05","LIGHTNING",1,1,0,0,0,0,0,0,0,0
"2001/06","DROUGHT",2,0,0,0,0,0,0,0,0,0
"2001/06","LIGHTNING",1,1,0,0,0,0,0,0,0,0
"2001/07","DROUGHT",5,0,0,0,0,0,0,0,0,0
"2001/07","FLOOD",1,0,0,0,0,0,0,0,0,0
"2001/07","LIGHTNING",1,0,0,0,0,1,0,0,0,0
"2001/08","DROUGHT",49,0,0,0,0,0,20283,0,0,0
"2001/08","FLOOD",6,0,0,0,5,7,0,0,0,0
"2001/08","RIVER BANK COLLAPSE",1,0,0,0,0,0,0,0,0,0
"2001/08","STORM",3,0,0,0,0,48,0,0,0,0
"2001/09","FLOOD",36,17,0,0,143,27,496521,0,0,3864
"2001/09","RIVER BANK COLLAPSE",1,0,0,0,0,0,0,0,0,0
"2001/09","STORM",1,0,0,0,2,0,0,0,0,0
"2001/10","DROUGHT",7,0,0,0,0,0,0,0,0,0
"2001/10","FLOOD",33,2,0,0,0,1642,93505,0,0,9025
"2001/10","PEST OUTBREAK",4,0,0,0,0,0,0,0,0,0
"2002/03","FIRE",1,0,0,0,6,0,30,0,0,0
"2002/03","LIGHTNING",1,0,1,0,0,0,0,0,0,0
"2002/03","STORM",4,0,0,0,21,9,102,0,0,0
"2002/04","LIGHTNING",2,2,0,0,0,0,0,0,0,0
"2002/04","RIVER BANK COLLAPSE",1,0,0,0,0,0,0,0,0,0
"2002/04","STORM",2,0,6,0,2,76,397,0,0,0
"2002/05","DROUGHT",3,0,0,0,0,0,0,0,0,0
"2002/05","RIVER BANK COLLAPSE",1,0,0,0,0,0,0,0,0,0
"2002/06","DROUGHT",7,0,0,0,0,0,287564,0,0,0
"2002/06","RIVER BANK COLLAPSE",1,0,0,0,0,0,0,0,0,0
"2002/06","STORM",2,0,0,0,57,9,224,0,0,0
"2002/07","DROUGHT",41,0,0,0,0,0,480727,0,0,0
"2002/08","DROUGHT",12,0,0,0,0,0,74272,0,0,0
"2002/08","FLOOD",11,0,0,0,0,0,60355,0,0,0
"2002/09","FLOOD",44,10,0,0,37,886,843855,0,0,70404
"2002/09","RIVER BANK COLLAPSE",1,0,0,0,0,0,0,0,0,0
"2002/09","STORM",2,0,0,0,6,55,0,0,0,0
"2002/10","DROUGHT",6,0,0,0,0,0,0,0,0,0
"2002/10","FLOOD",19,1,0,0,0,487,52286,0,0,18800
"2002/11","DROUGHT",8,0,0,0,0,0,0,0,0,0
"2002/11","FLOOD",3,0,0,0,0,0,3825,0,0,0
"2002/11","PEST OUTBREAK",6,0,0,0,0,0,0,0,0,0
"2003/02","FIRE",1,0,0,0,5,0,24,0,0,0
"2003/03","FIRE",1,0,0,0,0,0,5,0,0,0
"2003/03","STORM",2,0,0,0,10,1056,5121,0,0,0
"2003/04","FIRE",1,0,0,0,16,0,76,0,0,0
"2003/04","LIGHTNING",1,2,0,0,0,0,0,0,0,0
"2003/05","LIGHTNING",2,2,0,0,0,0,0,0,0,0
"2003/05","STORM",1,0,0,0,4,10,70,0,0,0
"2003/06","DROUGHT",2,0,0,0,0,0,0,0,0,0
"2003/06","RIVER BANK COLLAPSE",2,0,0,0,0,210,0,0,0,0
"2003/07","DROUGHT",24,0,0,0,0,0,0,0,0,0
"2003/07","FLOOD",15,0,0,0,0,348,88665,0,0,0
"2003/07","PEST OUTBREAK",5,0,0,0,0,0,0,0,0,0
"2003/08","DROUGHT",1,0,0,0,0,0,0,0,0,0
"2003/08","STORM",1,0,0,0,0,6,0,0,0,0
"2003/09","DROUGHT",6,0,0,0,0,0,0,0,0,0
"2003/09","FLOOD",22,7,0,0,0,0,8240,0,0,1495
"2003/10","DROUGHT",1,0,0,0,0,0,0,0,0,0
"2003/10","FLOOD",10,0,0,0,11,9,94,0,0,0
"2003/11","FIRE",1,0,0,0,1,0,3,0,0,0
"2004/01","FIRE",1,0,0,0,2,0,0,0,0,0
"2004/02","DROUGHT",1,0,0,0,0,0,1579,0,0,0
"2004/02","FIRE",3,0,0,0,26,0,318,0,0,0
"2004/02","STORM",1,0,0,0,0,0,32,0,0,0
"2004/03","STORM",1,0,0,0,16,0,76,0,0,0
"2004/04","LIGHTNING",2,1,0,0,0,1,0,0,0,0
"2004/04","STORM",10,0,18,0,138,38,795,0,0,0
"2004/05","STORM",3,0,7,0,20,35,268,0,0,0
"2004/06","DROUGHT",19,0,0,0,0,0,301622,0,0,0
"2004/06","STORM",3,0,0,0,5,0,25,0,0,0
"2004/07","DROUGHT",359,0,0,0,0,0,0,0,0,0
"2004/07","FLOOD",3,0,0,0,0,0,0,0,0,0
"2004/07","STORM",1,0,0,0,17,0,81,0,0,0
"2004/08","DROUGHT",77,0,0,0,0,0,133552,0,0,0
"2004/08","LIGHTNING",1,0,0,0,0,0,0,0,0,0
"2004/08","STORM",1,0,0,0,17,0,81,0,0,0
"2004/09","DROUGHT",8,0,0,0,0,0,13425,0,0,0
"2004/09","FIRE",1,0,0,0,4,0,19,0,0,0
"2004/09","FLOOD",37,2,3,0,0,0,8430,0,0,1648
"2004/09","STORM",2,0,0,0,29,49,355,0,0,0
"2004/10","DROUGHT",2,0,0,0,0,0,0,0,0,0
"2004/10","FLOOD",5,0,0,0,0,0,0,0,0,0
"2004/11","DROUGHT",31,0,0,0,0,0,0,0,0,0
"2004/12","DROUGHT",35,0,0,0,0,0,5149,0,0,0
"2004/12","FLOOD",1,0,0,0,0,0,0,0,0,0
"2005/01","DROUGHT",4,0,0,0,0,0,7906,0,0,0
"2005/01","EPIDEMIC",1,1,0,0,0,0,0,0,0,0
"2005/01","FIRE",7,0,0,0,6,0,133,0,0,0
"2005/01","STORM",1,0,0,0,0,0,78,0,0,0
"2005/02","FIRE",3,0,0,0,0,0,2056,0,0,0
"2005/02","STORM",1,0,0,0,0,0,31,0,0,0
"2005/03","EPIDEMIC",2,2,0,0,0,0,0,0,0,0
"2005/03","FIRE",5,0,0,0,5,0,64,0,0,0
"2005/03","STORM",1,0,0,0,3,0,0,0,0,0
"2005/04","EPIDEMIC",1,1,0,0,0,0,0,0,0,0
"2005/04","FIRE",8,0,0,0,5,0,581,0,0,0
"2005/04","STORM",3,0,0,0,15,0,52,0,0,0
"2005/05","DROUGHT",1,0,0,0,0,0,2954,0,0,0
"2005/05","FIRE",5,0,0,0,21,0,92,0,0,0
"2005/05","LIGHTNING",3,4,0,0,0,0,0,0,0,0
"2005/05","STORM",15,0,3,0,248,1,394,0,0,0
"2005/06","DROUGHT",6,0,0,0,0,0,34301,0,0,0
"2005/06","FIRE",12,0,0,0,290,0,0,0,0,0
"2005/06","LIGHTNING",1,7,0,0,0,0,0,0,0,0
"2005/06","RIVER BANK COLLAPSE",1,0,0,0,0,0,126,0,0,0
"2005/06","STORM",2,0,0,0,0,0,18,0,0,0
"2005/07","DROUGHT",14,0,0,0,0,0,681785,0,0,0
"2005/07","FIRE",9,0,0,0,10,0,82,0,0,0
"2005/07","FLOOD",1,0,0,0,0,0,0,0,0,0
"2005/08","DROUGHT",1,0,0,0,0,0,0,0,0,0
"2005/08","FIRE",4,0,0,0,4,0,0,0,0,0
"2005/08","FLOOD",9,0,0,0,2,504,64945,0,0,0
"2005/08","PEST OUTBREAK",2,0,0,0,0,0,0,0,0,0
"2005/08","RIVER BANK COLLAPSE",1,0,0,0,0,0,64,0,0,0
"2005/09","DROUGHT",8,0,0,0,0,0,9125,0,0,0
"2005/09","FLOOD",38,9,0,0,1,443,6643,0,0,3868
"2005/09","PEST OUTBREAK",6,0,0,0,0,0,0,0,0,0
"2005/09","RIVER BANK COLLAPSE",1,0,0,0,0,0,22,0,0,0
"2005/09","STORM",6,5,0,0,233,29,656,0,0,0
"2005/10","DROUGHT",3,0,0,0,0,0,18146,0,0,0
"2005/10","FIRE",1,0,0,0,13,0,0,0,0,0
"2005/10","FLOOD",1,0,0,0,0,0,979,0,0,0
"2005/10","RIVER BANK COLLAPSE",3,0,0,0,0,5,228,0,5,0
"2005/10","STORM",2,0,0,0,13,74,23,0,0,0
"2005/11","DROUGHT",21,0,0,0,0,0,262918,0,0,0
"2005/11","FIRE",1,0,0,0,1,0,0,0,0,0
"2005/11","STORM",1,0,0,0,2,0,0,0,0,0
"2005/12","DROUGHT",9,0,0,0,0,0,7200,0,0,0
"2005/12","FIRE",2,0,0,0,2,0,74,0,0,0
"2006/01","FIRE",11,0,0,0,9,0,350,0,0,0
"2006/01","RIVER BANK COLLAPSE",1,0,0,0,0,0,124,0,0,0
"2006/01","STORM",4,0,0,0,1,0,111,0,0,0
"2006/02","FIRE",4,0,0,0,5,0,30,0,0,0
"2006/03","EPIDEMIC",2,2,0,0,0,0,0,0,0,0
"2006/03","FIRE",5,0,0,0,5,0,19,0,0,0
"2006/03","STORM",2,0,0,0,0,0,95,0,0,0
"2006/04","FIRE",2,0,0,0,1,0,530,0,0,0
"2006/04","RIVER BANK COLLAPSE",1,0,0,0,0,0,63,0,0,0
"2006/04","STORM",5,0,0,0,8,0,151,0,0,0
"2006/05","DROUGHT",1,0,0,0,0,0,0,0,0,0
"2006/05","FIRE",3,0,0,0,13,0,13,0,0,0
"2006/05","LIGHTNING",1,6,0,0,0,0,0,0,0,0
"2006/05","RIVER BANK COLLAPSE",1,0,0,0,0,2,11,0,0,0
"2006/05","STORM",10,0,0,0,35,0,143,0,0,0
"2006/06","DROUGHT",4,0,0,0,0,0,0,0,0,0
"2006/06","FIRE",4,0,3,0,60,0,0,0,0,0
"2006/06","FLOOD",1,0,0,0,0,0,0,0,0,0
"2006/06","LIGHTNING",1,2,0,0,0,2,9,0,0,0
"2006/06","STORM",4,0,0,0,3,0,43,0,0,0
"2006/07","DROUGHT",8,0,0,0,0,0,0,0,0,0
"2006/07","FIRE",2,0,0,0,2,0,0,0,0,0
"2006/07","FLOOD",19,0,0,0,44,0,13946,0,0,0
"2006/07","PEST OUTBREAK",5,0,0,0,0,0,0,0,0,0
"2006/07","STORM",8,0,0,0,14,0,6,0,0,0
"2006/08","DROUGHT",38,0,0,0,0,0,100592,0,0,0
"2006/08","FIRE",4,0,0,0,5,0,0,0,0,0
"2006/08","FLOOD",58,12,0,0,85,554,764864,0,0,0
"2006/08","STORM",2,4,5,0,97,180,1269,0,0,0
"2006/09","FIRE",4,0,0,0,8,0,0,0,0,0
"2006/09","FLOOD",41,3,1,0,1,270,28392,0,0,1292
"2006/09","PEST OUTBREAK",1,0,0,0,0,0,0,0,0,0
"2006/09","RIVER BANK COLLAPSE",1,0,0,0,0,0,44,0,0,0
"2006/09","STORM",6,0,0,0,39,0,0,0,0,0
"2006/10","FIRE",4,0,0,0,4,0,0,0,0,0
"2006/10","FLOOD",65,0,0,0,0,0,0,0,0,0
"2006/10","RIVER BANK COLLAPSE",1,0,0,0,0,0,67,0,0,0
"2006/10","STORM",1,0,0,0,1,0,0,0,0,0
"2006/11","DROUGHT",8,0,0,0,0,0,0,0,0,0
"2006/11","FIRE",2,0,0,0,2,0,0,0,0,0
"2006/11","FLOOD",3,0,0,0,0,0,0,0,0,0
"2006/11","STORM",1,0,0,0,10,120,624,0,0,0
"2006/12","DROUGHT",5,0,0,0,0,0,0,0,0,0
"2006/12","FIRE",6,0,0,0,7,0,60,0,0,0
"2006/12","FLOOD",7,0,0,0,0,0,0,0,0,0
"2006/12","PEST OUTBREAK",2,0,0,0,0,0,0,0,0,0
"2007/01","FIRE",9,0,0,0,8,0,137,0,0,0
"2007/02","FIRE",29,1,2,0,215,2,701,0,0,0
"2007/03","DROUGHT",6,0,0,0,0,0,0,0,0,0
"2007/03","FIRE",7,0,0,0,16,0,246,0,0,0
"2007/03","LIGHTNING",3,4,4,0,0,0,0,0,0,0
"2007/03","STORM",7,0,0,0,125,359,2353,0,0,0
"2007/04","EPIDEMIC",1,1,0,0,0,0,0,0,0,0
"2007/04","FIRE",6,0,0,0,31,0,210,0,0,0
"2007/04","LIGHTNING",1,1,0,0,0,0,0,0,0,0
"2007/04","STORM",14,0,0,0,191,151,1014,0,0,0
"2007/05","DROUGHT",1,0,0,0,0,0,0,0,0,0
"2007/05","FIRE",1,0,0,0,2,0,0,0,0,0
"2007/05","FLOOD",6,0,0,0,0,0,0,0,0,0
"2007/05","LIGHTNING",4,11,1,0,0,0,0,0,0,0
"2007/05","STORM",7,0,0,0,14,26,111,0,0,0
"2007/06","DROUGHT",3,0,0,0,0,0,0,0,0,0
"2007/06","FIRE",3,0,0,0,2,0,26,0,0,0
"2007/06","LIGHTNING",3,2,3,0,0,0,0,0,0,0
"2007/06","STORM",10,0,2,0,68,67,488,0,0,0
"2007/07","DROUGHT",31,0,0,0,0,0,0,0,0,0
"2007/07","FIRE",2,0,0,0,8,0,37,0,0,0
"2007/07","FLOOD",1,0,0,0,0,0,305,0,0,0
"2007/07","LIGHTNING",7,5,0,0,1,0,4,0,0,0
"2007/07","PEST OUTBREAK",8,0,0,0,0,0,0,0,0,0
"2007/07","RIVER BANK COLLAPSE",1,0,0,0,0,0,0,0,9,0
"2007/07","STORM",21,0,0,0,198,141,1681,0,0,0
"2007/08","DROUGHT",3,0,0,0,0,0,0,0,0,0
"2007/08","FLOOD",49,2,2,0,26,116,44803,0,0,0
"2007/08","PEST OUTBREAK",4,0,0,0,0,0,0,0,0,0
"2007/08","RIVER BANK COLLAPSE",2,0,1,0,62,0,0,0,18,0
"2007/08","STORM",9,0,1,0,38,59,389,0,0,0
"2007/09","DROUGHT",4,0,0,0,0,0,0,0,0,0
"2007/09","FIRE",1,0,0,0,1,0,0,0,0,0
"2007/09","FLOOD",66,0,0,0,18,112,24126,0,0,0
"2007/09","LIGHTNING",5,5,5,0,0,0,0,0,0,0
"2007/09","PEST OUTBREAK",11,0,0,0,0,0,2378,0,0,0
"2007/09","RIVER BANK COLLAPSE",1,0,0,0,1,0,4,0,22,0
"2007/09","STORM",1,0,0,0,1,0,0,0,0,0
"2007/10","DROUGHT",1,0,0,0,0,0,0,0,0,0
"2007/10","FIRE",5,0,0,0,7,0,0,0,0,0
"2007/10","FLOOD",13,0,0,0,0,106,5922,0,364,0
"2007/10","LIGHTNING",1,1,0,0,0,0,0,0,0,0
"2007/11","FIRE",3,0,0,0,3,0,58,0,0,0
"2007/11","STORM",1,0,0,0,0,0,132,0,0,0
"2007/12","FIRE",6,0,0,0,4,0,33,0,0,0
"2007/12","STORM",1,0,0,0,0,0,70,0,0,0
"2008/01","DROUGHT",1,0,0,0,0,0,1188,0,0,0
"2008/01","FIRE",14,0,0,0,72,45,356,0,0,0
"2008/01","STORM",3,0,0,0,15,0,63,0,0,0
"2008/02","FIRE",15,0,0,0,104,0,392,0,0,0
"2008/03","FIRE",9,0,0,0,52,0,245,0,0,0
"2008/03","LIGHTNING",2,2,0,0,0,0,0,0,0,0
"2008/03","STORM",9,0,7,0,413,168,1611,0,0,0
"2008/04","FIRE",11,0,0,0,135,0,525,0,0,0
"2008/04","LIGHTNING",9,31,3,0,1,0,4,0,0,0
"2008/04","STORM",17,0,1,0,262,480,17305,0,0,0
"2008/05","FIRE",3,0,0,0,7,0,13,0,0,0
"2008/05","LIGHTNING",5,8,8,0,0,0,0,0,0,0
"2008/05","RIVER BANK COLLAPSE",1,0,0,0,0,4,0,0,0,0
"2008/05","STORM",5,0,0,0,296,0,1222,0,0,0
"2008/06","DROUGHT",3,0,0,0,0,0,0,0,0,0
"2008/06","LIGHTNING",1,2,0,0,0,0,0,0,0,0
"2008/06","PEST OUTBREAK",9,0,0,0,0,0,0,0,0,0
"2008/06","STORM",4,0,0,0,42,41,139,0,0,0
"2008/07","DROUGHT",44,0,0,0,0,0,30518,0,0,0
"2008/07","FIRE",5,0,0,0,7,0,13,0,0,0
"2008/07","FLOOD",1,0,0,0,0,0,0,0,0,0
"2008/07","PEST OUTBREAK",1,0,0,0,0,0,0,0,0,0
"2008/07","STORM",5,0,0,0,84,660,360,0,0,0
"2008/08","FIRE",2,0,0,0,2,0,0,0,0,0
"2008/08","FLOOD",2,0,0,0,0,0,0,0,0,0
"2008/08","LIGHTNING",1,2,0,0,0,0,0,0,0,0
"2008/08","STORM",4,0,0,0,13,2,426,0,0,0
"2008/09","FIRE",5,0,0,0,7,0,0,0,0,0
"2008/09","FLOOD",32,4,0,0,0,0,43601,0,0,1686
"2008/09","PEST OUTBREAK",9,0,0,0,0,0,0,0,0,0
"2008/09","RIVER BANK COLLAPSE",2,0,0,0,1,9,40,0,0,36
"2008/09","STORM",8,0,0,0,57,132,381,0,0,0
"2008/10","FIRE",1,0,0,0,1,0,0,0,0,0
"2008/10","FLOOD",3,0,0,0,0,0,0,0,0,0
"2008/11","EPIDEMIC",1,0,0,0,0,0,1,0,0,0
"2008/11","FIRE",3,0,0,0,17,0,51,0,0,0
"2008/11","FLOOD",3,0,0,0,0,0,0,0,0,0
"2008/12","FIRE",6,0,0,0,21,0,67,0,0,0
"2009/01","FIRE",19,8,0,0,176,151,1486,0,0,0
"2009/01","LIGHTNING",1,14,0,0,0,0,0,0,0,0
"2009/02","FIRE",21,0,0,0,65,0,116,0,0,0
"2009/02","STORM",12,0,56,0,147,472,2395,0,0,0
"2009/03","FIRE",16,3,3,0,47,0,164,0,0,0
"2009/03","LIGHTNING",8,17,0,0,0,0,17,0,0,0
"2009/03","STORM",12,0,3,0,11,151,859,0,0,0
"2009/04","FIRE",18,0,0,0,47,0,134,0,0,0
"2009/04","LIGHTNING",7,12,0,0,0,0,38,0,0,0
"2009/04","STORM",15,0,1,0,102,259,1056,0,0,0
"2009/05","FIRE",4,0,0,0,18,0,0,0,0,0
"2009/05","LIGHTNING",8,16,15,0,5,0,42,0,0,0
"2009/05","STORM",15,0,0,0,39,109,813,0,0,0
"2009/06","DROUGHT",4,0,0,0,0,0,0,0,0,0
"2009/06","FIRE",2,0,0,0,2,0,8,0,0,0
"2009/06","LIGHTNING",10,22,11,0,0,0,0,0,0,0
"2009/06","STORM",18,2,0,0,59,16,1205,0,0,0
"2009/07","DROUGHT",20,0,0,0,0,0,0,0,0,0
"2009/07","FIRE",4,0,0,0,5,0,5,0,0,0
"2009/07","FLOOD",19,0,0,0,0,0,2989,0,0,0
"2009/07","LIGHTNING",2,2,0,0,2,0,0,0,0,0
"2009/07","PEST OUTBREAK",4,0,0,0,0,0,0,0,0,0
"2009/07","STORM",19,0,0,0,107,118,1185,0,0,0
"2009/08","DROUGHT",3,0,0,0,0,0,0,0,0,0
"2009/08","FIRE",5,0,0,0,6,0,4,0,0,0
"2009/08","FLOOD",11,0,0,0,0,0,6276,0,0,0
"2009/08","LIGHTNING",3,5,1,0,0,0,0,0,0,0
"2009/08","PEST OUTBREAK",4,0,0,0,0,0,0,0,0,0
"2009/08","RIVER BANK COLLAPSE",1,0,0,0,0,0,0,0,0,0
"2009/08","STORM",2,0,0,0,1,0,0,0,0,0
"2009/09","DROUGHT",1,0,0,0,0,0,0,0,0,0
"2009/09","FIRE",12,0,0,0,17,8,154,0,0,0
"2009/09","FLOOD",282,31,17,0,189,380,375583,0,139,12159
"2009/09","LIGHTNING",2,6,6,0,0,0,14,0,0,0
"2009/09","PEST OUTBREAK",9,0,0,0,0,0,0,0,0,0
"2009/09","RIVER BANK COLLAPSE",1,0,0,0,0,0,16,0,0,0
"2009/09","STORM",55,15,47,0,567,1229,8639,0,0,0
"2009/10","FIRE",5,0,0,0,6,0,0,0,0,0
"2009/10","FLOOD",130,1,0,0,21,85,142490,0,0,33863
"2009/10","LIGHTNING",1,0,0,0,7,0,0,0,0,0
"2009/10","RIVER BANK COLLAPSE",7,0,0,0,0,42,340,0,135,0
"2009/10","STORM",22,23,19,0,164,625,1052,0,0,3111
"2009/11","FIRE",5,0,0,0,237,17,1259,0,0,0
"2009/11","FLOOD",6,0,0,0,0,17,1259,0,0,0
"2009/11","STORM",1,0,0,0,1,0,0,0,0,0
"2009/12","EPIDEMIC",1,0,0,0,0,0,1,0,0,0
"2009/12","FIRE",3,0,0,0,4,0,0,0,0,0
"2009/12","FLOOD",1,0,0,0,0,0,0,0,0,0
"2010/01","FIRE",13,0,0,0,59,0,234,0,0,0
"2010/01","LIGHTNING",2,0,2,0,0,0,0,0,0,0
"2010/01","STORM",5,1,9,0,68,181,1117,0,0,0
"2010/02","FIRE",25,0,0,0,71,0,429,0,0,0
"2010/02","STORM",1,0,0,0,19,0,91,0,0,0
"2010/03","DROUGHT",2,0,0,0,0,0,0,0,0,0
"2010/03","FIRE",34,0,0,0,95,0,2439,0,0,0
"2010/03","LIGHTNING",2,1,2,0,0,0,0,0,0,0
"2010/03","STORM",5,0,0,0,56,0,245,0,0,0
"2010/04","EPIDEMIC",1,1,0,0,0,0,0,0,0,0
"2010/04","FIRE",15,0,0,0,75,0,309,0,0,0
"2010/04","LIGHTNING",7,7,1,0,2,0,8,0,0,0
"2010/04","STORM",23,0,3,0,399,154,2032,0,0,0
"2010/05","DROUGHT",2,0,0,0,0,0,0,0,0,0
"2010/05","FIRE",19,0,0,0,56,10,205,0,0,0
"2010/05","LIGHTNING",3,9,5,0,0,0,0,0,0,0
"2010/05","STORM",31,3,27,0,1249,1435,10050,0,0,0
"2010/06","DROUGHT",7,0,0,0,0,0,0,0,0,0
"2010/06","FIRE",23,0,0,0,24,4,127,0,0,0
"2010/06","LIGHTNING",6,5,1,0,0,0,0,0,0,0
"2010/06","STORM",13,0,0,0,6,186,853,0,0,0
"2010/07","DROUGHT",6,0,0,0,0,0,0,0,0,0
"2010/07","FIRE",11,1,0,0,11,0,33,0,0,0
"2010/07","LIGHTNING",9,33,16,0,1,0,5,0,0,0
"2010/07","PEST OUTBREAK",2,0,0,0,0,0,0,0,0,0
"2010/07","STORM",11,0,1,0,25,294,1183,0,0,0
"2010/08","FIRE",11,0,0,0,11,0,46,0,0,0
"2010/08","LIGHTNING",1,0,0,0,1,0,5,0,0,0
"2010/08","STORM",6,0,0,0,9,0,48,0,0,0
"2010/09","DROUGHT",4,0,0,0,0,0,0,0,0,0
"2010/09","FIRE",13,0,0,0,18,0,23,0,0,0
"2010/09","FLOOD",64,2,0,0,1,0,87251,0,16241,7418
"2010/09","LIGHTNING",2,2,0,0,0,0,0,0,0,0
"2010/09","PEST OUTBREAK",7,0,0,0,0,0,0,0,0,0
"2010/09","RIVER BANK COLLAPSE",1,0,0,0,0,8,0,0,39,0
"2010/09","STORM",12,1,15,0,61,84,1023,0,0,0
"2010/10","DROUGHT",1,0,0,0,0,0,0,0,0,0
"2010/10","FIRE",15,1,0,0,52,0,43,0,0,0
"2010/10","FLOOD",74,9,8,0,89,94,11995,0,0,0
"2010/10","LIGHTNING",2,15,0,0,0,0,0,0,0,0
"2010/10","STORM",16,0,0,0,164,740,4022,0,0,0
"2010/11","DROUGHT",3,0,0,0,0,0,0,0,0,0
"2010/11","FIRE",7,0,0,0,6,0,11,0,0,0
"2010/11","FLOOD",10,0,0,0,0,0,42567,0,0,0
"2010/12","FIRE",7,0,0,0,8,0,37,0,0,0
"2011/01","EPIDEMIC",1,1,0,0,0,0,0,0,0,0
"2011/01","FIRE",27,0,0,0,21,0,153,0,0,0
"2011/02","EPIDEMIC",2,2,0,0,0,0,0,0,0,0
"2011/02","FIRE",15,0,0,0,44,0,247,0,0,0
"2011/02","LIGHTNING",3,1,3,0,0,0,0,0,0,0
"2011/02","STORM",2,0,0,0,2,25,29,0,0,0
"2011/03","DROUGHT",6,0,0,0,0,0,0,0,0,0
"2011/03","EPIDEMIC",1,1,0,0,0,0,0,0,0,0
"2011/03","FIRE",24,0,0,0,87,0,419,0,0,0
"2011/03","LIGHTNING",10,9,5,0,0,2,0,0,0,0
"2011/03","RIVER BANK COLLAPSE",2,0,0,0,0,155,0,0,0,0
"2011/03","STORM",7,0,0,0,18,65,299,0,0,0
"2011/04","EPIDEMIC",1,1,0,0,0,0,0,0,0,0
"2011/04","FIRE",14,0,0,0,55,0,222,0,0,0
"2011/04","LIGHTNING",22,26,27,0,0,0,5,0,0,0
"2011/04","STORM",5,0,0,0,4,14,15,0,0,0
"2011/05","DROUGHT",1,0,0,0,0,0,0,0,0,0
"2011/05","EPIDEMIC",1,1,0,0,0,0,0,0,0,0
"2011/05","FIRE",10,0,0,0,9,0,40,0,0,0
"2011/05","LIGHTNING",48,47,22,0,0,0,0,0,0,0
"2011/05","STORM",9,0,0,0,12,23,532,0,0,0
"2011/06","DROUGHT",10,0,0,0,0,0,0,0,0,0
"2011/06","FIRE",21,0,0,0,18,2,70,0,0,0
"2011/06","LIGHTNING",44,60,13,0,0,0,0,0,0,0
"2011/06","RIVER BANK COLLAPSE",3,0,0,0,0,5,1,0,0,0
"2011/06","STORM",11,0,0,0,63,215,1817,0,0,0
"2011/07","DROUGHT",4,0,0,0,0,0,358,0,0,0
"2011/07","EPIDEMIC",1,1,0,0,0,0,0,0,0,0
"2011/07","FIRE",10,0,0,0,11,0,5,0,0,0
"2011/07","FLOOD",2,0,1,0,36,126,1161,0,0,0
"2011/07","LIGHTNING",21,26,7,0,0,0,0,0,0,0
"2011/07","STORM",25,0,10,0,35,100,116,0,0,0
"2011/08","DROUGHT",1,0,0,0,0,0,0,0,0,0
"2011/08","EPIDEMIC",1,1,0,0,0,0,0,0,0,0
"2011/08","FIRE",10,0,0,0,14,1,25,0,0,0
"2011/08","FLOOD",12,18,0,0,13,37,42580,0,0,4496
"2011/08","LIGHTNING",19,17,17,0,0,0,0,0,0,0
"2011/08","STORM",22,0,0,0,35,74,181,0,0,0
"2011/09","FIRE",7,0,0,0,19,0,83,0,0,0
"2011/09","FLOOD",418,209,19,0,319,864,1536260,0,215,131737
"2011/09","LIGHTNING",6,10,0,0,0,0,0,0,0,0
"2011/09","STORM",14,0,0,0,17,10,222,0,0,0
"2011/10","FIRE",5,0,0,0,30,0,5,0,0,0
"2011/10","FLOOD",248,21,0,0,36,16,148774,0,0,7619
"2011/10","LIGHTNING",4,3,4,0,0,0,0,0,0,0
"2011/10","STORM",12,0,1,0,18,99,574,0,0,0
"2011/11","FIRE",9,0,0,0,7,0,16,0,0,0
"2011/11","FLOOD",131,2,2,0,31,5,155627,0,0,11250
"2011/11","LIGHTNING",1,1,0,0,0,0,0,0,0,0
"2011/11","STORM",7,0,0,0,1,0,257,0,0,0
"2011/12","FIRE",10,0,0,0,7,0,34,0,0,0
"2011/12","FLOOD",1,0,0,0,0,0,0,0,0,0
"2011/12","STORM",2,0,0,0,1,0,51,0,0,0
"2012/01","EPIDEMIC",1,1,0,0,0,0,0,0,0,0
"2012/01","FIRE",38,0,0,0,24,4,966,0,0,0
"2012/01","LIGHTNING",2,1,1,0,0,0,20,0,0,0
"2012/01","STORM",4,0,0,0,2,20,245,0,0,0
"2012/02","FIRE",26,0,1,0,26,6,3,0,0,0
"2012/02","LIGHTNING",2,2,0,0,0,0,0,0,0,0
"2012/02","STORM",1,0,0,0,0,17,78,0,0,0
"2012/03","EPIDEMIC",1,1,0,0,0,0,0,0,0,0
"2012/03","FIRE",31,0,0,0,37,1,105,0,0,0
"2012/03","LIGHTNING",9,9,4,0,1,0,0,0,0,0
"2012/03","STORM",11,0,0,0,43,198,671,0,0,0
"2012/04","FIRE",27,0,4,0,45,20,38,0,0,0
"2012/04","LIGHTNING",50,38,32,0,0,0,0,0,0,0
"2012/04","RIVER BANK COLLAPSE",1,0,0,0,2,6,0,0,0,0
"2012/04","STORM",54,5,4,0,200,573,415,0,0,0
"2012/05","EPIDEMIC",1,1,0,0,0,0,0,0,0,0
"2012/05","FIRE",18,0,4,0,13,3,36,0,0,0
"2012/05","FLOOD",1,0,0,0,0,0,0,0,0,0
"2012/05","LIGHTNING",41,49,24,0,0,1,12,0,0,0
"2012/05","STORM",27,1,1,0,33,205,850,0,0,0
"2012/06","DROUGHT",3,0,0,0,0,0,0,0,0,0
"2012/06","FIRE",19,0,0,0,32,1,25,0,0,0
"2012/06","FLOOD",1,0,0,0,0,0,0,0,0,0
"2012/06","LIGHTNING",2,1,2,0,0,0,0,0,0,0
"2012/06","STORM",14,0,0,0,21,120,617,0,0,0
"2012/07","DROUGHT",19,0,0,0,0,0,9175,0,0,0
"2012/07","FIRE",9,0,4,0,65,0,15,0,0,0
"2012/07","FLOOD",1,0,0,0,69,0,324,0,0,0
"2012/07","LIGHTNING",4,3,1,0,0,0,0,0,0,0
"2012/07","STORM",9,0,0,0,17,44,528,0,0,0
"2012/08","DROUGHT",67,0,0,0,0,0,20,0,0,0
"2012/08","FIRE",12,0,0,0,46,0,9,0,0,0
"2012/08","FLOOD",1,0,0,0,0,0,0,0,0,0
"2012/08","LIGHTNING",15,17,4,0,0,0,0,0,0,0
"2012/08","STORM",13,0,0,0,12,11,286,0,0,0
"2012/09","DROUGHT",10,0,0,0,0,0,0,0,0,0
"2012/09","FIRE",19,0,11,0,48,0,317,0,0,0
"2012/09","FLOOD",58,4,0,0,106,239,22529,0,0,1437
"2012/09","LIGHTNING",9,12,0,0,0,0,5,0,0,0
"2012/09","STORM",10,0,0,0,40,29,460,0,0,0
"2012/10","FIRE",19,3,4,0,17,2,55,0,0,0
"2012/10","FLOOD",32,21,0,0,1,2,32056,0,0,3623
"2012/10","LIGHTNING",2,3,0,0,0,0,0,0,0,0
"2012/10","STORM",9,0,3,0,12,185,14,0,0,0
"2012/11","DROUGHT",2,0,0,0,0,0,2155,0,0,0
"2012/11","FIRE",13,0,0,0,5,4,27,0,0,0
"2012/11","LIGHTNING",3,2,1,0,0,0,0,0,0,0
"2012/11","STORM",2,0,0,0,1,0,30,0,0,0
"2012/12","DROUGHT",7,0,0,0,0,0,14213,0,0,0
"2012/12","FIRE",34,17,2,0,39,3,2254,0,0,0
"2012/12","FLOOD",1,1,0,0,0,0,0,0,0,0
"2012/12","STORM",1,0,0,0,0,9,41,0,0,0
"2013/01","EPIDEMIC",6,5,0,0,0,0,1,0,0,0
"2013/01","FIRE",64,0,3,0,65,1,549,0,0,0
"2013/01","LIGHTNING",2,6,0,0,0,0,0,0,0,0
"2013/01","STORM",1,0,0,0,1,0,4,0,0,0
"2013/02","EPIDEMIC",3,3,0,0,0,0,0,0,0,0
"2013/02","FIRE",63,1,0,0,79,9,306,0,0,0
"2013/02","LIGHTNING",1,1,2,0,0,0,0,0,0,0
"2013/02","STORM",2,0,0,0,2,3,19,0,0,0
"2013/03","EPIDEMIC",1,0,0,0,0,0,1,0,0,0
"2013/03","FIRE",67,14,1,0,97,6,233,0,0,0
"2013/03","LIGHTNING",24,24,7,0,0,0,0,0,0,0
"2013/03","STORM",105,5,27,0,813,2872,7694,0,0,0
"2013/04","DROUGHT",1,0,0,0,0,0,0,0,0,0
"2013/04","FIRE",35,2,1,0,38,26,197,0,0,0
"2013/04","LIGHTNING",44,47,17,0,2,0,13,0,0,0
"2013/04","STORM",107,5,18,0,806,2512,11381,0,0,0
"2013/05","EPIDEMIC",1,0,0,0,0,0,1,0,0,0
"2013/05","FIRE",20,1,0,0,24,0,7,0,0,0
"2013/05","LIGHTNING",12,16,15,0,1,12,61,0,0,0
"2013/05","STORM",52,1,16,0,130,583,3868,0,0,0
"2013/06","DROUGHT",4,0,0,0,0,0,0,0,0,0
"2013/06","EPIDEMIC",2,1,0,0,0,0,1,0,0,0
"2013/06","FIRE",15,0,0,0,15,2,13,0,0,0
"2013/06","FLOOD",1,3,0,0,0,0,0,0,0,0
"2013/06","LIGHTNING",5,3,3,0,0,0,0,0,0,0
"2013/06","STORM",19,0,1,0,106,93,886,0,0,0
"2013/07","DROUGHT",2,0,0,0,0,0,0,0,0,0
"2013/07","EPIDEMIC",3,1,0,0,0,0,2,0,0,0
"2013/07","FIRE",21,0,0,0,35,1,51,0,0,0
"2013/07","FLOOD",50,11,0,0,0,10,22282,0,0,1131
"2013/07","LIGHTNING",15,15,3,0,0,0,1975,0,0,0
"2013/07","PEST OUTBREAK",1,0,0,0,0,0,0,0,0,0
"2013/07","STORM",15,0,0,0,9,146,490,0,0,0
"2013/08","DROUGHT",1,0,0,0,0,0,0,0,0,0
"2013/08","EPIDEMIC",2,0,0,0,0,0,2,0,0,0
"2013/08","FIRE",29,2,0,0,39,4,15,0,0,0
"2013/08","FLOOD",17,2,0,0,0,0,12291,0,0,0
"2013/08","LIGHTNING",5,8,0,0,0,0,0,0,0,0
"2013/08","STORM",4,1,2,0,27,74,427,0,0,0
"2013/09","EPIDEMIC",2,1,0,0,0,0,1,0,0,0
"2013/09","FIRE",20,1,1,0,14,5,5,0,0,0
"2013/09","FLOOD",646,109,7,0,155,667,1483900,0,29,168578
"2013/09","LIGHTNING",8,9,0,0,0,0,0,0,0,0
"2013/09","RIVER BANK COLLAPSE",1,0,0,0,0,0,0,0,0,0
"2013/09","STORM",6,2,3,0,6,15,98,0,0,0
"2013/10","EPIDEMIC",5,3,0,0,0,0,2,0,0,0
"2013/10","FIRE",19,5,0,0,30,4,20,0,0,0
"2013/10","FLOOD",256,59,4,0,97,426,373647,0,0,21878
"2013/10","LIGHTNING",3,1,0,0,0,0,0,0,0,0
"2013/11","EPIDEMIC",1,0,0,0,0,0,1,0,0,0
"2013/11","FIRE",16,5,6,0,30,1,0,0,0,0
"2013/11","FLOOD",1,0,0,0,0,0,1058,0,0,0
"2013/11","LIGHTNING",1,1,0,0,0,0,0,0,0,0
"2013/11","STORM",6,1,1,0,40,36,0,0,0,0
"2013/12","FIRE",23,0,1,0,23,1,0,0,0,0
NA,"LIGHTNING",9,8,4,0,0,0,0,0,0,0
"2014/01","EPIDEMIC",3,1,0,0,0,0,2,0,0,0
"2014/01","FIRE",26,3,1,0,30,4,0,0,0,0
"2014/01","STORM",2,0,1,0,3,1,0,0,0,0
"2014/02","EPIDEMIC",4,1,0,0,0,0,3,0,0,0
"2014/02","FIRE",13,2,2,0,19,1,0,0,0,0
"2014/02","RIVER BANK COLLAPSE",1,3,1,0,1,2,0,0,0,0
"2014/03","EPIDEMIC",2,2,0,0,0,0,0,0,0,0
"2014/03","FIRE",27,1,2,0,74,4,66,0,0,0
"2014/03","LIGHTNING",1,1,0,0,0,0,0,0,0,0
"2014/03","STORM",1,0,0,0,0,11,0,0,0,0
"2014/04","FIRE",21,0,6,0,30,3,0,0,0,0
"2014/04","LIGHTNING",16,15,3,0,0,0,0,0,0,0
"2014/04","STORM",31,0,28,0,97,216,116,0,0,0
"2014/05","FIRE",17,3,12,0,28,12,0,0,0,0
"2014/05","LIGHTNING",24,26,15,0,0,1,0,0,0,0
"2014/05","STORM",16,0,5,0,57,389,0,0,0,0
"2014/06","FIRE",10,0,0,0,16,1,0,0,0,0
"2014/06","LIGHTNING",13,11,11,0,0,0,0,0,0,0
"2014/06","STORM",2,0,0,0,4,0,0,0,0,0
"2014/07","FIRE",16,0,0,0,71,1,0,0,0,0
"2014/07","FLOOD",17,3,0,0,9,0,115160,0,170,13525
"2014/07","LIGHTNING",4,3,10,0,0,0,0,0,0,0
"2014/07","STORM",2,0,0,0,3,0,0,0,0,0
"2014/08","DROUGHT",9,0,0,0,0,0,14631,0,0,0
"2014/08","FIRE",2,1,0,0,0,5,15913,0,0,69
"2014/08","FLOOD",69,37,1,0,132,5,214112,0,0,22052
"2014/08","LIGHTNING",5,5,0,0,0,0,0,0,0,0
"2014/08","RIVER BANK COLLAPSE",2,0,0,0,0,0,0,0,0,0
"2014/08","STORM",12,0,1,0,36,136,150,1,0,0
"2014/09","FLOOD",6,0,0,0,0,0,0,0,0,0
"2014/09","LIGHTNING",3,3,0,0,0,1,0,0,0,0
"2014/09","STORM",4,0,0,0,4,12,0,0,0,0
"2014/10","DROUGHT",16,0,0,0,0,0,0,0,0,0
"2014/10","LIGHTNING",2,0,0,0,0,0,0,0,0,0
"2014/10","STORM",1,0,0,0,0,3,0,0,0,0
"2014/11","LIGHTNING",1,1,0,0,0,0,0,0,0,0
"2014/12","DROUGHT",7,0,0,0,0,0,0,0,0,0
NA,"FIRE",2,0,0,0,2,0,0,0,0,0
"2015/01","FIRE",35,3,1,0,49,1,0,0,0,0
"2015/01","LIGHTNING",2,2,0,0,0,0,0,0,0,0
"2015/01","STORM",1,2,0,0,0,2,0,0,0,0
"2015/02","FIRE",9,0,0,0,39,1,0,0,0,0
"2015/02","RIVER BANK COLLAPSE",1,0,0,0,0,22,0,0,0,0
"2015/03","FIRE",2,5,0,0,2,0,0,0,0,0
"2015/03","STORM",1,0,0,0,2,9,0,0,0,0
"2015/04","FIRE",7,1,1,0,5,4,0,0,0,0
"2015/04","LIGHTNING",18,9,6,0,1,3,14,3,0,0
"2015/04","STORM",59,2,37,0,353,1234,1235,0,0,0
"2015/05","FIRE",14,1,2,0,13,2,0,3,0,0
"2015/05","LIGHTNING",37,22,6,0,1,1,0,6,0,0
"2015/05","RIVER BANK COLLAPSE",2,0,0,0,0,6,0,0,0,0
"2015/05","STORM",50,4,34,0,399,1264,731,0,0,0
"2015/06","FIRE",35,2,4,0,35,8,0,4,0,0
"2015/06","LIGHTNING",23,14,0,0,0,0,0,25,0,0
"2015/06","RIVER BANK COLLAPSE",2,0,0,0,28,28,0,0,0,0
"2015/06","STORM",60,5,27,0,198,924,78,0,0,0
"2015/07","DROUGHT",16,0,0,0,0,0,0,0,0,0
"2015/07","FIRE",8,1,2,0,6,1,0,0,0,0
"2015/07","LIGHTNING",7,4,1,0,0,1,0,2,0,0
"2015/07","STORM",5,0,0,0,1,15,0,0,0,0
"2015/08","FIRE",22,1,0,0,32,11,0,0,0,0
"2015/08","FLOOD",1,0,0,0,0,0,0,0,0,0
"2015/08","LIGHTNING",2,1,1,0,0,0,0,0,0,1
"2015/08","STORM",6,1,0,0,50,24,0,0,0,0
"2015/09","FIRE",26,5,1,0,28,48,0,2,0,0
"2015/09","RIVER BANK COLLAPSE",1,0,0,0,4,0,0,0,0,0
"2015/09","STORM",24,7,0,0,444,81,0,0,0,0
"2015/10","FIRE",11,0,0,0,0,12,0,0,0,0
"2015/10","STORM",3,3,0,0,76,21,0,0,0,0
"2015/11","FIRE",37,3,1,0,45,29,2,0,0,0
"2015/11","STORM",2,0,0,0,1,17,0,0,0,0
"2015/12","FIRE",25,1,2,0,32,4,0,0,0,0
"2015/12","STORM",3,2,0,0,3,9,0,0,0,0
NA,"LIGHTNING",1,0,1,0,0,0,0,0,0,0
"2016/01","DROUGHT",1,0,0,0,0,0,0,0,0,0
"2016/01","FIRE",44,6,9,0,2,57,0,0,0,0
"2016/02","FIRE",10,0,0,0,0,22,0,0,0,0
"2016/03","LIGHTNING",1,1,0,1,0,0,0,0,0,0
"2016/04","DROUGHT",17,0,0,0,0,0,38508,0,0,0
"2016/04","LIGHTNING",17,11,14,0,0,1,0,0,0,0
"2016/05","DROUGHT",18,0,0,0,0,0,46556,0,0,0
"2016/05","LIGHTNING",27,13,14,0,0,2,0,0,0,0
"2016/05","STORM",2,0,0,0,0,21,0,0,0,0
"2016/06","DROUGHT",69,0,0,0,0,0,165795,48912,0,0
"2016/06","FIRE",2,0,0,0,9,42,0,0,0,0
"2016/06","LIGHTNING",12,12,5,0,0,0,0,0,0,0
"2016/06","STORM",10,1,5,0,55,225,0,1712,0,0
"2016/07","DROUGHT",11,0,0,0,0,0,0,102922,0,0
"2016/07","LIGHTNING",1,0,33,0,0,140,0,0,0,0
"2016/08","FLOOD",1,0,0,0,0,0,0,0,0,0
"2016/09","FLOOD",4,0,0,0,0,0,0,0,0,0
"2016/09","LIGHTNING",1,2,1,0,0,0,0,0,0,0
"2016/09","STORM",15,1,3,0,42,236,0,0,0,0
"2016/10","DROUGHT",6,0,0,0,0,0,0,0,0,0
"2016/10","FLOOD",64,2,0,0,0,3590,48235,0,0,160
"2016/10","LIGHTNING",1,1,0,0,0,0,0,0,0,0
"2016/10","STORM",1,0,0,0,1,0,0,0,0,0
"2016/11","PEST OUTBREAK",2,0,0,0,0,0,0,0,0,0
"2016/12","FIRE",28,1,6,0,20,8,0,0,0,0
NA,"STORM",1,0,0,0,1,6,0,0,0,0
"2017/01","FIRE",32,0,2,0,43,5,0,0,0,0
"2017/01","STORM",4,1,1,0,10,2,0,0,0,0
"2017/02","FIRE",1,0,0,0,1,0,0,0,0,0
"2017/02","LIGHTNING",3,2,0,0,0,0,0,0,0,0
"2017/02","STORM",2,0,1,0,11,10,0,0,0,0
"2017/03","LIGHTNING",10,4,11,0,1,0,0,0,0,0
"2017/03","RIVER BANK COLLAPSE",1,0,0,0,2,9,44,0,9,0
"2017/04","FIRE",1,1,0,0,0,0,0,0,0,0
"2017/04","LIGHTNING",25,16,15,0,0,1,0,0,0,0
"2017/04","RIVER BANK COLLAPSE",2,0,0,0,0,2,9,0,2,0
"2017/05","DROUGHT",1,0,0,0,0,0,0,0,0,0
"2017/05","LIGHTNING",31,19,27,0,0,0,0,0,0,0
"2017/05","RIVER BANK COLLAPSE",1,0,0,0,0,2,10,0,2,0
"2017/05","STORM",1,0,0,0,3,29,0,0,0,0
"2017/06","FIRE",1,0,0,0,1,0,0,0,0,0
"2017/06","LIGHTNING",11,8,6,0,0,0,0,0,0,0
"2017/06","STORM",5,0,0,0,9,1,0,0,0,0
"2017/07","FIRE",11,0,3,0,9,10,0,0,0,0
"2017/07","LIGHTNING",8,5,6,0,1,0,0,0,0,0
"2017/07","STORM",21,1,16,0,24,252,0,0,0,0
"2017/08","FIRE",4,0,0,0,3,0,0,0,0,0
"2017/08","FLOOD",14,17,0,0,7,8703,61323,0,0,7634
"2017/08","LIGHTNING",14,7,2,0,4,0,0,0,0,0
"2017/08","STORM",17,0,0,0,25,57,0,0,0,0
"2017/09","FIRE",1,1,0,0,0,0,0,0,0,0
"2017/09","LIGHTNING",12,11,4,0,1,0,0,0,0,0
"2017/09","STORM",15,0,5,0,51,18,0,0,0,0
"2017/10","LIGHTNING",9,5,3,0,1,0,0,0,0,0
"2017/10","STORM",1,0,0,0,1,0,0,0,0,0
"2017/11","LIGHTNING",2,0,0,0,1,0,0,0,0,0
"2017/11","STORM",3,0,0,0,22,79,0,0,0,0
"2017/12","FIRE",3,0,0,0,2,0,0,0,0,0
"2017/12","STORM",2,0,0,0,6,532,0,0,0,0
"2018/01","FIRE",1,3,10,0,209,0,0,0,0,0
"2018/02","FIRE",8,6,1,0,91,0,0,0,0,0
"2018/02","RIVER BANK COLLAPSE",2,0,0,0,0,9,9,0,51,10
"2018/02","STORM",1,0,0,0,1,12,0,0,0,0
"2018/03","FIRE",12,5,3,0,96,9,0,0,0,0
"2018/03","LIGHTNING",1,0,0,0,0,0,0,0,0,0
"2018/03","STORM",23,0,4,0,156,450,0,0,0,0
"2018/04","EPIDEMIC",1,0,0,0,0,0,0,0,0,0
"2018/04","FIRE",10,7,15,0,104,22,0,0,0,0
"2018/04","LIGHTNING",3,15,6,0,0,0,0,0,0,0
"2018/04","STORM",9,0,0,0,23,314,0,0,0,0
"2018/05","FIRE",4,2,4,0,65,0,0,0,0,0
"2018/05","LIGHTNING",14,42,22,0,1,0,0,0,0,0
"2018/05","STORM",26,2,16,0,293,672,0,0,0,0
"2018/06","FIRE",1,4,1,0,12,0,0,0,0,0
"2018/06","LIGHTNING",5,27,18,0,0,0,0,0,0,0
"2018/06","STORM",8,0,5,0,148,846,0,0,0,0
"2018/07","DROUGHT",8,0,0,0,0,0,0,0,0,0
"2018/07","FIRE",1,0,0,0,1,0,0,0,0,0
"2018/07","FLOOD",12,0,0,0,0,0,8682,0,0,2691
"2018/07","LIGHTNING",4,12,8,0,0,0,0,0,0,0
"2018/07","RIVER BANK COLLAPSE",2,0,0,0,0,0,0,0,0,0
"2018/07","STORM",10,4,4,0,93,181,0,0,0,0
"2018/08","DROUGHT",8,0,0,0,0,0,52216,52216,0,0
"2018/08","FIRE",1,0,0,0,0,0,0,0,0,0
"2018/08","FLOOD",47,36,115,0,7,241,393309,36850,0,58208
"2018/08","LIGHTNING",2,8,15,0,0,0,0,0,0,0
"2018/08","STORM",5,0,3,0,5,60,0,0,0,0
"2018/09","FLOOD",15,27,200,0,0,54,299784,220417,28,4216
"2018/09","LIGHTNING",6,6,11,0,0,0,0,0,0,0
"2018/09","STORM",5,0,8,0,75,242,0,0,0,0
"2018/10","STORM",1,0,0,0,1,0,0,0,0,0
"2019/01","FIRE",6,5,30,0,241,0,0,0,0,0
"2019/01","FLOOD",1,0,0,0,0,0,1000,1000,0,0
"2019/01","STORM",3,0,0,0,3,0,0,0,0,0
"2019/02","FIRE",11,9,6,0,183,0,0,0,0,0
"2019/02","STORM",11,0,2,0,24,227,0,0,0,0
"2019/03","FIRE",17,3,15,0,78,0,0,0,0,0
"2019/03","FLOOD",1,0,0,0,0,0,12048,0,0,2750
"2019/03","LIGHTNING",13,7,4,0,0,1,0,0,0,0
"2019/03","STORM",85,0,7,0,222,538,0,0,0,0
"2019/04","DROUGHT",4,0,0,0,0,0,0,0,0,0
"2019/04","FIRE",6,1,0,0,74,1,0,0,0,0
"2019/04","FLOOD",1,0,0,0,0,0,0,0,0,0
"2019/04","LIGHTNING",32,21,18,0,1,5,1,0,0,336
"2019/04","STORM",103,1,22,0,250,2211,0,0,0,0
"2019/05","FIRE",13,2,1,0,58,1,0,0,0,0
"2019/05","LIGHTNING",51,56,54,0,2,7,0,0,0,0
"2019/05","STORM",33,5,67,0,814,7230,0,0,0,0
"2019/06","FIRE",4,0,14,0,11,0,0,0,0,0
"2019/06","FLOOD",1,0,0,0,0,0,0,0,0,0
"2019/06","LIGHTNING",5,4,2,0,0,1,0,0,0,0
"2019/06","STORM",68,0,6,0,211,2677,0,0,0,0
"2019/07","DROUGHT",2,0,0,0,0,0,0,0,0,0
"2019/07","FIRE",4,0,4,0,41,0,0,0,0,0
"2019/07","FLOOD",1,0,0,0,0,0,0,0,0,0
"2019/07","LIGHTNING",4,4,1,0,0,0,0,0,0,0
"2019/07","STORM",17,0,6,0,12,535,0,0,0,0
"2019/08","FIRE",4,1,14,0,16,0,0,0,0,0
"2019/08","FLOOD",10,0,0,0,0,0,14,0,0,505
"2019/08","LIGHTNING",2,1,4,0,0,0,0,0,0,0
"2019/08","STORM",10,0,5,0,30,421,0,3,0,0
"2019/09","DROUGHT",10,0,0,0,0,0,0,0,0,0
"2019/09","FIRE",6,0,0,0,4,0,0,0,0,0
"2019/09","FLOOD",70,30,8,2,1,203,475549,49329,0,54552
"2019/09","LIGHTNING",1,1,0,0,0,1,0,0,0,0
"2019/09","RIVER BANK COLLAPSE",7,0,0,0,98,0,0,0,402,0
"2019/09","STORM",17,2,16,0,91,889,0,0,0,0
"2019/10","FIRE",1,0,0,0,0,1,0,0,0,0
"2019/10","STORM",1,0,0,0,1,0,0,0,0,0
"2019/11","FIRE",1,0,0,0,1,0,0,0,0,0
"2019/11","LIGHTNING",1,1,0,0,0,0,0,0,0,0
"2019/12","FIRE",4,0,0,0,9,1,0,0,0,0
"2020/01","FIRE",7,0,1,0,3,1,0,0,0,0
"2020/07","FLOOD",1,0,0,0,0,0,0,0,0,0
NA,"",10379,2784,2681,5,21889,75718,16432834,513407,17880,768401
