Year - Month,Event, DataCards, Deaths, Injured, Missing, Houses Destroyed, Houses Damaged, Directly affected, Indirectly Affected, Relocated, Evacuated
1979/00,DROUGHT,7,,,,,,,,,
1979/03,CONFLICT MAN WILD FAUNA,1,,,,,,,,,
1979/05,CONFLICT MAN WILD FAUNA,1,,,,,,,,,
1979/07,CONFLICT MAN WILD FAUNA,1,,,,,,,,,
1980/00,DROUGHT,4,,,,,,,,,
1980/02,FLOOD,1,,,,50,,,5000,,
1980/11,CYCLONE,1,,,,,,,,,
1981/00,FLOOD,12,,,,,,,138173,,
1981/01,STORM,1,1,1,,,,,,,
1981/02,FLOOD,1,,,,,,,,,
1981/12,CYCLONE,1,,,,,,,,,
1982/00,DROUGHT,1,100000,,,,,,,,
1982/00,RAINS,1,,,,,,,,,
1982/00,STORM,1,,,,2,,,,,
1982/01,CYCLONE,1,,,,,,,,,
1983/00,DROUGHT,3,,,,,,,,,
1983/00,FLOOD,1,,,,,,,,,
1983/11,DROUGHT,3,,,,,,,,,
1983/12,FLASH FLOOD,1,,,,,,,,,
1984/00,DROUGHT,10,,,,,,,381106,,
1984/01,CYCLONE,4,109,,,,,,,,
1984/01,FLOOD,4,135,,,,,,,,
1984/08,DROUGHT,10,,,,,,,363200,,
1984/12,DROUGHT,5,,,,,,,214500,,
1985/00,DROUGHT,3,,,,,,,908233,,
1985/00,PLAGUE,2,,,,,,,,,
1985/02,FLOOD,6,,,,,,109328,1495,,
1986/00,DROUGHT,1,,,,,,,,,
1986/09,DROUGHT,4,,,,,,,140355,,
1987/01,DROUGHT,1,,,,,,,,,
1988/00,ACCIDENT,1,2,,,,,1,,,
1988/00,DROUGHT,5,,,,,,30000,267557,,36274
1988/00,FLOOD,1,,,,,,,,,
1988/00,PLAGUE,3,,,,,,,,,
1988/01,PLAGUE,1,,,,,,,,,
1988/02,CYCLONE,1,,,,,,,,,
1988/02,FLOOD,5,,,,,,,,,
1988/03,CYCLONE,2,57,11,,28974,7375,3320,7400,,
1988/03,FLASH FLOOD,3,20,,,1389,,731,13861,,
1988/03,FLOOD,4,20,,,690,,,9891,,
1988/03,THUNDER STORM,1,5,,,,,,,,
1988/04,FLOOD,1,7,,,2500,,,194498,3000,
1989/00,DROUGHT,1,,,,,,,,,
1989/00,FOREST FIRE,1,,,,,,,,,
1989/00,PLAGUE,1,,,,,,,,,
1989/01,DROUGHT,1,,,,,,,,,
1989/01,FLASH FLOOD,1,,,,,,,,,
1989/04,FIRE,1,4,,,,,,,,
1990/00,DROUGHT,1,,,,,,,,,
1990/00,FLASH FLOOD,1,,,,,,,,,
1990/00,HEAT WAVE,1,,,,,,,,,
1990/01,PLAGUE,2,,,,,,,,,
1990/03,PLAGUE,1,,,,,,,,,
1990/05,DROUGHT,1,,,,,,,,,
1990/06,PLAGUE,1,,,,,,,,,
1990/10,DROUGHT,1,,,,,,,,,
1991/00,DROUGHT,4,,,,,,,33000,,
1991/00,EPIDEMIC,1,11,,,,,,700,,
1991/00,FLOOD,1,,,,,,,,,
1991/00,HEAT WAVE,1,,,,,,,,,
1991/00,PLAGUE,5,,,,,,,,,
1991/02,CONFLICT MAN WILD FAUNA,1,,,,,,,,,
1991/02,FLOOD,1,,,,28,80,,,,
1991/03,FLOOD,1,,,,43,,,,,
1991/06,ALLUVION,1,,,,,,,,,
1991/10,DROUGHT,1,,,,,,,,,
1992/00,BIOLOGICAL,1,1,,,,,,,,
1992/00,CONFLICT MAN WILD FAUNA,1,,,,,,,,,
1992/00,DROUGHT,15,,,,,,,707921,,
1992/00,FLASH FLOOD,1,,,,,,,,,
1992/00,PLAGUE,1,,,,,,,,,
1992/00,RAINS,1,,,,,,,,,
1992/01,DROUGHT,1,,,,,,,6000,,
1992/02,DROUGHT,6,,,,,,,158038,,
1992/04,DROUGHT,8,,,,,,,187600,,
1992/05,PLAGUE,1,,,,,,,,,
1992/06,DROUGHT,9,,,,,,,103864,,
1992/06,FLASH FLOOD,1,,,,,,,,,
1992/07,DROUGHT,2,,,,,,,2368,,
1992/07,FLASH FLOOD,1,,,,,,,,,
1992/07,PLAGUE,1,,,,,,,,,
1992/08,EPIDEMIC,1,13,,,,,13,,,
1992/08,FOREST FIRE,1,,,,,,,,,
1992/09,DROUGHT,1,8,,,,,,30000,,
1992/10,FOREST FIRE,1,,,,,,,,,
1992/10,PLAGUE,1,,,,,,,,,
1992/11,EPIDEMIC,3,70,,,,,1543,,,
1992/12,EPIDEMIC,2,21,,,,,243,,,
1992/12,HEAT WAVE,1,,,,,,,,,
1992/12,PLAGUE,1,,,,,,,,,
1993/00,CONFLICT MAN WILD FAUNA,2,,,,,,,15,,
1993/00,DROUGHT,4,,,,,,,750000,,
1993/00,FLOOD,1,,,,,,,293080,,
1993/00,PLAGUE,10,,,,,,,29163,,
1993/00,RAINS,1,,,,37,22,,5000,,32
1993/02,DROUGHT,1,60,,,,,,,,
1993/02,FIRE,1,,,,,,,,,
1993/02,RAINS,1,,,,,,,,,
1993/03,PLAGUE,2,,,,,,,,,
1993/03,RAINS,1,7,,,,,,13,,
1993/04,PLAGUE,1,,,,,,,,,
1993/04,STORM,1,,,,,,,,,
1993/08,PLAGUE,1,,,,,,,,,
1993/10,DROUGHT,1,,,,,,,,,
1993/11,FLASH FLOOD,1,,,,,,,1070,,
1993/11,STORM,1,,,,,,,,,
1993/12,STORM,1,,,,,,,,,
1994/00,CONFLICT MAN WILD FAUNA,1,,,,,,,,,
1994/00,DROUGHT,5,4,,,,,,6883,,
1994/00,PLAGUE,7,3,,,,,,1750,,
1994/01,DROUGHT,1,,,,,,,15729,,
1994/01,PLAGUE,3,,,,,,,,,
1994/02,CONFLICT MAN WILD FAUNA,2,2,,,,,9,5,,
1994/02,FLASH FLOOD,1,,,,,,,,,
1994/02,FLOOD,1,,,,,,,,,
1994/02,HEAT WAVE,1,,,,,,,,,
1994/02,PLAGUE,1,,,,,,,,,
1994/03,CYCLONE,24,82,301,316,146839,22,10000,939941,,
1994/03,FOREST FIRE,1,,,,,,,,,
1994/04,PLAGUE,3,,,,,,,,,
1994/06,CONFLICT MAN WILD FAUNA,1,,,,,,,,,
1994/08,FLOOD,1,,,,,,,,,
1994/10,CONFLICT MAN WILD FAUNA,1,,,,,,,,,
1994/10,FLASH FLOOD,2,,,,,,,,,
1994/12,BIOLOGICAL,1,9,,,,,,7118,,
1995/00,CONFLICT MAN WILD FAUNA,1,,,,,,,,,
1995/00,DROUGHT,4,1,,,,,,40506,,
1995/00,EPIDEMIC,1,4,,,,,,156,,
1995/00,PLAGUE,6,,,,,,,,,
1995/01,FLASH FLOOD,3,,,,,,,4180,,
1995/01,FLOOD,1,,,,,,,22000,,
1995/02,CONFLICT MAN WILD FAUNA,1,,,,,,,,,
1995/03,CONFLICT MAN WILD FAUNA,1,,,,,,,,,
1995/04,CONFLICT MAN WILD FAUNA,1,3,,,,,,17,,
1995/04,DROUGHT,1,,,,,,,5737,,
1995/04,PLAGUE,1,1,,,,,,,,
1995/08,EPIDEMIC,1,,,,,,,,,
1995/08,FOREST FIRE,3,,,,,,,,,
1995/09,DROUGHT,1,1,,,,,,,,
1995/10,CONFLICT MAN WILD FAUNA,2,,,,,,,3618,,
1995/10,DROUGHT,1,,,,,,,3838,,
1995/10,FIRE,1,,,,338,,,2055,,
1995/10,FOREST FIRE,1,,,,,,,,,
1995/10,STRONG WIND,1,,,,,,,,,
1995/11,DROUGHT,1,,,,,,,31000,,
1995/11,STORM,1,2,3,,21,,,,,
1995/12,CONFLICT MAN WILD FAUNA,1,1,,,,,3,,,
1996/00,DROUGHT,1,,,,,,,,,
1996/00,EPIDEMIC,2,337,,,,,4274,269,,
1996/00,FLASH FLOOD,2,,,,,,,,,
1996/00,FLOOD,5,,,,,,,17586,,
1996/00,PLAGUE,1,,,,,,96,96,,
1996/00,RAINS,1,,,,328,,,,,
1996/00,STRONG WIND,1,,,,476,,,,,
1996/01,CYCLONE,11,6,10,,1640,117,,98727,,
1996/01,DROUGHT,1,,,,,,,8737,,
1996/01,FLASH FLOOD,2,,,,,,,1500,,
1996/01,FLOOD,8,5,,,892,,,55193,,
1996/02,FLASH FLOOD,1,,,,,,,,,
1996/02,FLOOD,4,11,,,,21700,5,144255,,
1996/02,PLAGUE,2,,,,292,62,,255,,
1996/02,RAINS,5,1,4,,,,,54240,,
1996/03,EPIDEMIC,1,,,,,,,3859,,
1996/03,FLOOD,1,,,,,,,,,
1996/03,PLAGUE,1,,,,,,,,,
1996/04,CONFLICT MAN WILD FAUNA,1,,,,,,,,,
1996/04,DROUGHT,1,,,,,,,24602,,
1996/04,FLASH FLOOD,2,,,,,,,,,
1996/04,PLAGUE,3,,,,,,,,,
1996/06,DROUGHT,1,,,,,,,18,,
1996/10,CYCLONE,1,,,,50,,,,,
1996/10,PLAGUE,1,,,,,,,28899,,
1996/12,CONFLICT MAN WILD FAUNA,1,1,,,,,,,,
1996/12,PLAGUE,1,,,,,,,,,
1996/12,RAINS,1,,,,,,,,,
1996/12,STRONG WIND,1,,,,,,,,,
1997/00,CONFLICT MAN WILD FAUNA,3,2,3,,,,,,,
1997/00,DROUGHT,17,,,,,,,43035,,
1997/00,EPIDEMIC,3,79,,,,,1041,,,
1997/00,FLASH FLOOD,5,35,,,391,,,100454,,60743
1997/00,FLOOD,6,4,,,2317,,,57203,,
1997/00,FOREST FIRE,2,,,,,,,,,
1997/00,PLAGUE,8,18,,,,,790,,,
1997/00,STRONG WIND,1,,,,,,,,,
1997/01,FLASH FLOOD,5,,,,,,,9760,,
1997/01,FLOOD,18,31,,,16977,,8290,724654,11651,21871
1997/01,PLAGUE,2,,,,,,,,,
1997/01,RAINS,1,,,,,,,,,
1997/01,TROP. DEPRESS.,3,,,,4311,,,34030,,
1997/02,DROUGHT,1,,,,,,,,,
1997/02,FLASH FLOOD,1,1,,,,,,3975,,
1997/02,FLOOD,19,34,,,18477,514,8,284929,1000,5000
1997/02,PLAGUE,1,,,,,,,,,
1997/02,STORM,2,,,,14,,,,,
1997/03,CYCLONE,7,17,21,,18115,,,74000,,
1997/03,DROUGHT,4,,,,,,,10898,,
1997/03,FLASH FLOOD,1,6,,3,251,,,30300,,
1997/03,FLOOD,6,9,,,1255,156,,187602,482,
1997/03,PLAGUE,2,,,,,,,,,
1997/03,STORM,1,,,,,,,,,
1997/04,DROUGHT,1,,,,,,,,,
1997/04,FLASH FLOOD,1,,,,,,,,,
1997/04,FLOOD,1,,,,,,,12912,,
1997/04,STORM,1,,,,,,,,,
1997/05,FLOOD,1,,,,6,52,,5148,,
1997/06,PLAGUE,1,,,,,,,,,
1997/10,EPIDEMIC,1,5,,,,,95,,,
1997/10,FOREST FIRE,1,,,,,,,,,
1997/11,DROUGHT,1,,,,,,,44698,,
1997/11,FIRE,1,,,,,4,,,,
1997/11,STORM,3,3,,,283,503,,3249,,
1997/12,DROUGHT,1,,,,,,,6000,,
1997/12,FLOOD,1,,,,,,,,,
1997/12,LIGHTNING,1,,2,,,,3,,,
1997/12,STORM,1,,,,,,,,,
1998/00,CONFLICT MAN WILD FAUNA,8,4,,,,,,,,
1998/00,DROUGHT,4,,,,,,,74507,,
1998/00,EPIDEMIC,7,390,,,,,62,17958,,
1998/00,FLASH FLOOD,5,,,,,,10000,,,
1998/00,FLOOD,6,2,,,3500,,,27400,,
1998/00,FOREST FIRE,1,,,,,,,,,
1998/00,HEAT WAVE,1,,,,,,,,,
1998/00,PLAGUE,22,,,,,,,,,
1998/00,RAINS,2,,,,466,,,,,
1998/00,TROP. DEPRESS.,2,3,1,,1369,,,,,
1998/01,EPIDEMIC,1,1,,,,,,3083,,
1998/01,FLASH FLOOD,14,,,,922,466,,54612,30,
1998/01,FLOOD,15,,,,450,,,2747,,
1998/01,LIGHTNING,1,,2,,,,2,,,
1998/01,PLAGUE,2,,,,,,,5550,,
1998/01,RAINS,2,72,18,97,,,,4162,,
1998/01,STORM,1,,,1,140,30,,2130,,
1998/01,TROP. DEPRESS.,3,7,,,1802,,80,11471,,
1998/02,CONFLICT MAN WILD FAUNA,1,,,,,,,,,
1998/02,EPIDEMIC,1,109,,,,,,,,
1998/02,FLASH FLOOD,2,,,,3500,,,,,
1998/02,FLOOD,3,4,,,559,,3850,10008,,
1998/02,RAINS,1,,,,,,,,,
1998/03,DROUGHT,1,,,,,,,,,
1998/03,FLASH FLOOD,1,,,,,,,2100,,
1998/03,PLAGUE,1,,,,,,,,,
1998/04,DROUGHT,1,,,,,,,,,
1998/04,LANDSLIDE,1,69,8,72,204,,4000,7500,,
1998/05,FLASH FLOOD,1,,,,,,,3492,,
1998/05,FLOOD,1,,,,,,,,,
1998/06,FLASH FLOOD,1,,,,,,,,,
1998/06,OTHER,1,,,,,,,,,
1998/06,PLAGUE,2,,,,,,,,,
1998/08,CONFLICT MAN WILD FAUNA,3,,,,,,,,,
1998/08,FIRE,1,,,,14,,,115,,
1998/08,FOREST FIRE,1,,,,,,,,,
1998/08,PLAGUE,2,,,,,,,,,
1998/09,DROUGHT,1,,,,,,,43960,,9604
1998/09,FOREST FIRE,1,,,,,,,,,
1998/10,CONFLICT MAN WILD FAUNA,3,,,,,,,,,
1998/11,FLASH FLOOD,1,,,,,,,14000,,
1998/12,FLOOD,1,,,,,,3149,,,
1998/12,PLAGUE,1,,,,,,,,,
1999/00,CONFLICT MAN WILD FAUNA,5,53,,,,,,,,
1999/00,DROUGHT,21,,,,,,,164449,,
1999/00,EPIDEMIC,5,76,,,,,,9182,,
1999/00,FLASH FLOOD,14,,,,,,,54450,,
1999/00,FLOOD,20,,,,14,,169660,41750,,
1999/00,PLAGUE,4,,,,,,,,,
1999/00,RAINS,1,,,,,,,,,
1999/01,ALLUVION,7,5,,,25,,1525,3710,,2228
1999/01,EPIDEMIC,10,25,,,,,,20658,,
1999/01,FLASH FLOOD,6,,,,,,1136,2202,,
1999/01,FLOOD,15,8,,,200,1,74985,34430,,825
1999/02,ALLUVION,1,,,,,18,,,,
1999/02,EPIDEMIC,1,,,,,,,11,,
1999/02,FLASH FLOOD,2,11,,,28,1199,1017,18011,,2095
1999/02,FLOOD,6,4,,,305,,4305,11920,,190
1999/03,CONFLICT MAN WILD FAUNA,1,,,,,,,,,
1999/03,FLASH FLOOD,1,,,,,,,1315,,
1999/03,PLAGUE,1,,,,,,,,,
1999/03,RAINS,1,,,,,,,,,
1999/04,CONFLICT MAN WILD FAUNA,1,,,,,,,,,
1999/04,PLAGUE,1,,,,,,,,,
1999/04,RAINS,1,,,,37,,,,,
1999/05,PLAGUE,1,,,,,,,,,
1999/11,FIRE,1,,,,300,,,,,
2000/00,ACCIDENT,1,2,,6,,,,,,
2000/00,ALLUVION,1,,,,,,,,,
2000/00,CONFLICT MAN WILD FAUNA,5,1,3,,,,,,,
2000/00,DROUGHT,20,,,,,,,103666,,
2000/00,EPIDEMIC,13,140,,,,,,112919,,
2000/00,FIRE,2,,,,500,,,1000,,
2000/00,FLASH FLOOD,6,,,,,,,,,
2000/00,FLOOD,12,,,,,,,12437,2542,
2000/00,FOREST FIRE,1,,,,,,,,,
2000/00,HEAT WAVE,1,,,,,,,,,
2000/00,PLAGUE,13,,,,,,,,,
2000/00,RAINS,1,,,,,,,,,
2000/00,STORM,1,1,7,,1575,,,,,
2000/00,STRONG WIND,2,6,5,,2,,,850,,
2000/01,CONFLICT MAN WILD FAUNA,1,,,,,,,,,
2000/01,EPIDEMIC,1,102,,,,,,630,,
2000/01,FLASH FLOOD,1,1,,,455,190,,10089,,
2000/01,FLOOD,4,12,,,1693,,1783,111851,,180
2000/01,RAINS,2,,,,41,20,,,,
2000/01,STRONG WIND,1,,,,23,,,,,
2000/02,CYCLONE,16,57,,1,18455,919,7135,26101,,3010
2000/02,DROUGHT,1,,,,,,,7109,,
2000/02,EARTHQUAKE,1,,,,,,,,,
2000/02,EPIDEMIC,3,,,,,,,6800,,
2000/02,FLASH FLOOD,6,3,,,120,,,18041,,
2000/02,FLOOD,35,332,,,7285,679,406,930692,314388,66965
2000/02,PLAGUE,1,,,,,,,,,
2000/02,STORM,1,,,,,,,,,
2000/02,STRONG WIND,1,,,,,,,,,
2000/03,CONFLICT MAN WILD FAUNA,1,3,1,,,,,39,,
2000/03,CYCLONE,1,,,,,,,1913,,
2000/03,FLOOD,27,374,,95,37798,63820,11914,1831973,138365,216647
2000/04,CYCLONE,4,4,22,,5463,,,25624,,
2000/04,EPIDEMIC,1,,,,,,,113,,
2000/04,FLOOD,2,,,,,,,,,
2000/04,FOREST FIRE,1,,,,106,,,575,,
2000/04,PLAGUE,1,,,,,,,,,
2000/04,RAINS,2,,,,,,,435,,
2000/04,STORM,1,,,,,,3,3,,
2000/05,CONFLICT MAN WILD FAUNA,1,1,,,,,,,,
2000/05,FOREST FIRE,1,,,,,,,,,
2000/06,FLASH FLOOD,1,,,,,,,7065,,
2000/06,PLAGUE,1,,,,,,,,,
2000/07,FLOOD,7,,,,4,63,,17484,,
2000/08,EPIDEMIC,1,2,,,,,,13,,
2000/09,DROUGHT,2,,,,,,,,,
2000/09,FIRE,2,,,,2,,,,,
2000/09,FOREST FIRE,2,,,,13,,,,,
2000/09,RAINS,1,,,,,,,,,
2000/10,DROUGHT,6,,,,,,,16027,,
2000/10,EPIDEMIC,3,17,,,,,,1000,,
2000/10,FIRE,1,,,,1,,,,,
2000/10,FLOOD,9,65,,,943,,,87727,44765,
2000/10,FOREST FIRE,1,3,,11,15,,,,,
2000/10,PLAGUE,1,,,,,,,,,
2000/10,RAINS,3,,,,128,,,,,
2000/11,CONFLICT MAN WILD FAUNA,1,,,,,,,,,
2000/11,FLASH FLOOD,2,1,,,1363,,,2500,,
2000/11,STORM,2,2,3,,1775,,,500,,
2000/11,STRONG WIND,1,6,5,,,,,850,,
2000/12,PLAGUE,1,,,,,,,,,
2000/12,RAINS,1,,,,,,,9450,,
2001/00,ACCIDENT,1,1,,,,,,,,
2001/00,CONFLICT MAN WILD FAUNA,12,8,11,,,,,,,
2001/00,DROUGHT,38,247,,,,,,85640,,
2001/00,EPIDEMIC,31,227,,,,,34353,160320,,
2001/00,FLASH FLOOD,17,,,,,,,54023,,
2001/00,FLOOD,44,90,,1,4565,,,2892448,,67666
2001/00,FOREST FIRE,2,,,,7,,,27,,
2001/00,LANDSLIDE,1,1,3,,,,,,,
2001/00,OTHER,1,3,,,,,,68,,
2001/00,PLAGUE,9,,,,,,,,,
2001/00,RAINS,4,,,,61,,,80410,,
2001/00,STORM,2,6,12,,,,,,,
2001/00,TROP. DEPRESS.,1,,,,,,,,,
2001/01,ACCIDENT,1,,,,,,,6,,
2001/01,CONFLICT MAN WILD FAUNA,1,6,,,,,,,,
2001/01,DROUGHT,30,,,,,,,88919,,
2001/01,FLASH FLOOD,3,,,,,,,,,
2001/01,FLOOD,18,50,,,260,3,,473305,,138091
2001/01,HEAT WAVE,2,,,,,,,,,
2001/01,PLAGUE,4,,,,,,,,,
2001/02,DROUGHT,2,,,,,,,28977,,
2001/02,EPIDEMIC,1,105,,,,,,47626,,
2001/02,FLASH FLOOD,8,2,,,116,,,41762,,
2001/02,FLOOD,8,5,,,5087,,,130219,3750,15500
2001/02,PLAGUE,4,,3,,,,,,,
2001/03,ACCIDENT,1,,,,,,,,,
2001/03,CONFLICT MAN WILD FAUNA,2,,,,,,,700,,
2001/03,FLASH FLOOD,9,,,,25,181,,81402,,
2001/03,FLOOD,6,20,,,,496,,205712,,
2001/03,RAINS,4,,,,,,,11151,,
2001/03,STORM,3,1,,,,647,,403,,
2001/03,STRONG WIND,1,,,,,,,,,
2001/03,TROP. DEPRESS.,7,3,,,130,,,,,
2001/04,FLOOD,2,33,,,250,,,171776,,
2001/04,PLAGUE,1,,,,,,,,,
2001/04,STORM,1,1,,,,,,,,
2001/05,CONFLICT MAN WILD FAUNA,2,,,,,,,,,
2001/05,EPIDEMIC,1,3,,,,,,58,,
2001/05,PLAGUE,1,,,,,,,,,
2001/06,CONFLICT MAN WILD FAUNA,1,,,,,,,,,
2001/08,CONFLICT MAN WILD FAUNA,2,,,,,,,,,
2001/08,DROUGHT,1,,,,,,,,,
2001/08,FIRE,1,,,,,22,,99,,
2001/09,CONFLICT MAN WILD FAUNA,1,,,,,,,,,
2001/09,OTHER,2,,,,,,,,,
2001/10,DROUGHT,3,,,,,,,707,,
2001/10,FOREST FIRE,1,,,,,,,,,
2001/10,PLAGUE,1,,,,,,,,,
2001/10,RAINS,1,57,3,,1800,,,15000,,
2001/11,CONFLICT MAN WILD FAUNA,1,,,1,,,,2,,
2001/11,FOREST FIRE,1,,,,,,,,,
2001/11,STORM,1,,,,,,,,,
2001/12,FLOOD,1,,,,,,,,,
2002/00,BIOLOGICAL,2,,,,,,,,,
2002/00,CONFLICT MAN WILD FAUNA,8,1,,,6,,,3,,
2002/00,DROUGHT,33,,,,,,343,857713,,
2002/00,EPIDEMIC,21,1025,,,,,42715,167813,,
2002/00,FIRE,2,,,,13,,,,,
2002/00,FLASH FLOOD,13,,,,336,,,37120,,
2002/00,FLOOD,15,6,,,,,,48078,,
2002/00,FOREST FIRE,5,,,,,,,131,,
2002/00,OTHER,1,,,,,,,7,,
2002/00,PLAGUE,10,,,,,,5,,,
2002/00,RAINS,3,,,,263,130,,10000,,
2002/00,TROP. DEPRESS.,1,,,,,,,220000,,
2002/01,ALLUVION,1,,,,,,,,,
2002/01,CONFLICT MAN WILD FAUNA,1,,,,,,,,,
2002/01,DROUGHT,13,10,,,,,,192642,,
2002/01,EPIDEMIC,4,51,,,,,2752,986,,
2002/01,PLAGUE,1,,,,,,,,,
2002/01,RAINS,1,,,,,,,,,
2002/02,ACCIDENT,1,5,,,,,,,,
2002/02,DROUGHT,5,1,,,,,,130807,,
2002/02,FLASH FLOOD,1,3,,,411,47,,,,
2002/02,FLOOD,2,27,,,,,,27444,,
2002/02,PLAGUE,2,,,,,,,,,
2002/02,RAINS,1,,,,3,,,,,
2002/03,BIOLOGICAL,1,,,,,,,,,
2002/03,CONFLICT MAN WILD FAUNA,2,,,,,,,,,
2002/03,DROUGHT,3,,,,,,,112813,,
2002/03,FLASH FLOOD,1,,,,,,,630,,
2002/03,FLOOD,1,20,,,,,,5394,,
2002/04,DROUGHT,3,,,,,,,61367,,
2002/04,FLASH FLOOD,1,,,,,,,70,,
2002/04,FLOOD,4,4,,,,,,70407,,
2002/04,PLAGUE,2,,,,,,,,,
2002/04,STORM,2,1,,,38,,,42,,
2002/04,STRONG WIND,1,4,,,,35,,,,
2002/05,CONFLICT MAN WILD FAUNA,1,,,,,,,,,
2002/05,DROUGHT,12,,,,,,,91235,,
2002/06,EPIDEMIC,9,55,,,,,,8521,,
2002/07,FLASH FLOOD,1,,,,,,,,,
2002/08,CONFLICT MAN WILD FAUNA,1,3,2,,,,,5,,
2002/08,FLOOD,1,,,,,,,1310,,
2002/08,PLAGUE,1,,,,,,,,,
2002/09,DROUGHT,2,,,,,,,44167,,
2002/09,PLAGUE,1,,,,,,,,,
2002/10,ACCIDENT,1,,,,,,,,,
2002/10,DROUGHT,1,,,,,,,15579,,
2002/10,EPIDEMIC,2,8,,,,,,4304,,
2002/10,FLASH FLOOD,1,3,8,,70,3725,,100000,,
2002/10,PLAGUE,3,,,,,,,,,
2002/10,STORM,3,5,10,4,1256,86,,6300,,
2002/11,ACCIDENT,1,3,,,,,,,,
2002/11,CYCLONE,2,,,,10,34,,,,
2002/11,FOREST FIRE,1,,,,4,,,,,
2002/11,STORM,3,,,,617,1771,,4462,,
2002/12,ALLUVION,1,4,,,14,,,,,
2002/12,DROUGHT,2,,,,,,,48050,,
2002/12,FLASH FLOOD,9,3,,,366,,,21329,,
2002/12,FLOOD,4,56,,,883,,,287052,,
2002/12,PLAGUE,1,,,,,,,,,
2002/12,RAINS,1,,,,491,,,,,
2002/12,TROP. DEPRESS.,13,10,18,,21073,,,27873,,
2003/00,ACCIDENT,1,3,,4,,,,,,
2003/00,CONFLICT MAN WILD FAUNA,10,24,9,,,,,,,
2003/00,DROUGHT,13,2,,,,,,50343,,
2003/00,EPIDEMIC,35,287,,,,,3508,218971,,
2003/00,FIRE,3,,,,11,,,,,
2003/00,FLASH FLOOD,19,,,,727,,,128216,,
2003/00,FLOOD,3,4,,,,,,70803,,
2003/00,FOREST FIRE,3,,,,32,,,,,
2003/00,HEAT WAVE,1,,,,,,36101,,,
2003/00,OTHER,1,,,,,,,23,,
2003/00,PLAGUE,14,,,,,,,148,,
2003/00,STORM,3,8,12,,131,,,25292,,
2003/01,DROUGHT,10,9,,,,,,301263,,
2003/01,EPIDEMIC,6,10,,,,,2855,7482,,
2003/01,FLASH FLOOD,1,,,,,,,,,
2003/01,FLOOD,4,6,,,5125,,5,26259,,
2003/01,FOREST FIRE,1,,,,,,,,,
2003/01,PLAGUE,5,,,,,,,,,
2003/01,RAINS,3,,,,,,,,,
2003/01,TROP. DEPRESS.,1,,,,360,,,,,
2003/02,DROUGHT,6,,,,,,,242631,,
2003/02,EPIDEMIC,2,6,,,,,,196,,
2003/02,FLASH FLOOD,2,,,,,,,3059,,
2003/02,PLAGUE,1,,,,,,,,,
2003/02,STORM,1,,,,,,,,,
2003/03,CONFLICT MAN WILD FAUNA,1,,,,,,,,,
2003/03,CYCLONE,16,7,11,,13436,4454,,105796,1857,
2003/03,DROUGHT,3,,,,,,,25000,,
2003/03,EPIDEMIC,1,3,,,,,482,,,
2003/03,FLASH FLOOD,3,,,,,,,,,
2003/03,FLOOD,7,134,,,102,,13043,209961,,491
2003/03,PLAGUE,1,,,,,,,,,
2003/03,RAINS,1,,,,,,,15000,,
2003/03,STORM,1,1,,,,2,,,,
2003/04,DROUGHT,8,,,,,,,370960,,
2003/04,EPIDEMIC,1,,,,,,,1597,,
2003/04,FLOOD,1,,,,,,,,,
2003/04,HEAT WAVE,1,,,,,,,,,
2003/05,DROUGHT,1,,,,,,,,,
2003/05,EPIDEMIC,1,1,,,,,,8,,
2003/06,CONFLICT MAN WILD FAUNA,1,,,,,,,,,
2003/06,DROUGHT,4,,,,,,,67500,,
2003/06,EPIDEMIC,6,112,,,,,,84245,,
2003/06,FLASH FLOOD,4,,,,146,,,9725,,
2003/06,PLAGUE,3,,,,,,,,,
2003/06,STRONG WIND,1,,,,131,,,,,
2003/07,CONFLICT MAN WILD FAUNA,1,,,,,,,,,
2003/07,EPIDEMIC,1,,,,,,,6276,,
2003/07,HEAT WAVE,2,,,,,,27094,,,
2003/07,PLAGUE,2,,,,,,,,,
2003/08,CONFLICT MAN WILD FAUNA,1,,9,,,,,,,
2003/08,PLAGUE,1,,,,,,,,,
2003/09,DROUGHT,2,,,,,,,2691,,
2003/09,FIRE,1,,,,1,,,,,
2003/09,HEAT WAVE,5,,,,,,89617,,,
2003/10,CONFLICT MAN WILD FAUNA,1,,,,,,,,,
2003/10,FLASH FLOOD,1,1,,,4146,,,64703,,
2003/10,PLAGUE,1,,,,,,,,,
2003/11,FIRE,2,,,,30,,,,,
2003/11,FOREST FIRE,1,,,,1,,,,,
2003/11,PLAGUE,1,,,,,,,,,
2003/11,STORM,1,1,,,,1,,,,
2003/11,STRONG WIND,1,,,,1,,,,,
2003/12,CONFLICT MAN WILD FAUNA,2,,,,,,,,,
2003/12,DROUGHT,1,,,,,,,,,
2003/12,EPIDEMIC,2,3,,,,,,1251,,
2003/12,STORM,1,,,,,,,1778,,
2003/12,STRONG WIND,5,2,33,,,450,,600,,3
2003/12,TROP. DEPRESS.,1,,,,,,,,,
2004/00,ACCIDENT,1,1,,,,,,,,
2004/00,BIOLOGICAL,2,,,,,,,,,
2004/00,CONFLICT MAN WILD FAUNA,17,4,,,,,,1592,,
2004/00,DROUGHT,69,92,,,,,10968,484904,,
2004/00,EPIDEMIC,50,520,,,,,10134,517722,,
2004/00,FIRE,4,,,,94,,,300,,
2004/00,FLASH FLOOD,5,,,,54,,,,,
2004/00,FLOOD,4,,,,448,11,,121796,,
2004/00,FOREST FIRE,7,1,,,197,,,,,
2004/00,HEAT WAVE,1,,,,,,,,,
2004/00,PLAGUE,26,,,,,,,845,,
2004/00,RAINS,1,,,,,,,,,
2004/00,STORM,1,5,,,158,,,,,
2004/00,STRONG WIND,3,,,,,1,,,,
2004/01,CYCLONE,23,59,60,,33581,3148,121779,268129,,312
2004/01,EPIDEMIC,2,3,,,,,283,840,,
2004/01,FLASH FLOOD,9,,,,131,,,9832,,
2004/01,FLOOD,2,3,,,,,,22107,,
2004/01,PLAGUE,2,,,,,,,,,
2004/01,RAINS,1,,,,,,,,,
2004/01,STORM,2,1,33,,85,821,,,,3
2004/01,STRONG WIND,2,,,,,,,,,
2004/01,TROP. DEPRESS.,2,,,,69,23,,343,,
2004/02,CONFLICT MAN WILD FAUNA,1,,,,,,,,,
2004/02,DROUGHT,1,,,,,,,140000,,
2004/02,FLASH FLOOD,1,,,,,,,,,
2004/02,PLAGUE,2,,,,,,,,,
2004/02,STORM,2,5,,,313,,,1455,,
2004/02,TROP. DEPRESS.,1,,,,291,,,1455,,
2004/03,CONFLICT MAN WILD FAUNA,5,2,2,,,,,,,
2004/03,DROUGHT,1,,,,,,,14244,,
2004/03,FLASH FLOOD,9,,,,400,,,,,
2004/03,FLOOD,2,,,,,,,7500,,
2004/03,PLAGUE,3,,,,,,,,,
2004/04,DROUGHT,2,,,,,,,,,
2004/04,EPIDEMIC,3,2,,,,,,1355,,
2004/04,PLAGUE,1,,,,,,,,,
2004/05,CONFLICT MAN WILD FAUNA,1,3,,,4,,,,,
2004/05,EPIDEMIC,1,1,,,,,,467,,
2004/05,FLOOD,1,5,,,,,,256,,
2004/05,PLAGUE,1,,,,,,,,,
2004/06,EPIDEMIC,2,7,,,,,,372,,
2004/06,FLOOD,1,1,,,,,,807,,
2004/06,PLAGUE,1,,,,,,,,,
2004/07,CONFLICT MAN WILD FAUNA,2,1,,,,,,,,
2004/07,DROUGHT,1,,,,,,,10908,,
2004/07,PLAGUE,1,,,,,,,,,
2004/07,STRONG WIND,2,2,,,5,,,,,
2004/08,FIRE,1,,4,,,,,,,
2004/09,CONFLICT MAN WILD FAUNA,2,,,,,,,,,
2004/09,EPIDEMIC,1,20,,,,,,2569,,
2004/09,FIRE,1,,,,1,,,,,
2004/09,FOREST FIRE,1,,,,,,,,,
2004/09,HAILSTORM,2,2,2,,,2,,,,
2004/09,HEAT WAVE,1,,,,,,,,,
2004/09,STORM,1,,,,,,,,,
2004/10,CONFLICT MAN WILD FAUNA,3,1,,,,,,,,
2004/10,EPIDEMIC,2,4,,,,,,327,,
2004/10,FOREST FIRE,1,,,,3,,,,,
2004/10,STORM,1,,,,6,,,30,,
2004/11,STORM,1,,6,,,45,,,,
2004/12,CONFLICT MAN WILD FAUNA,1,1,,,,,,,,
2004/12,FLASH FLOOD,2,,,,,,,,,
2004/12,FLOOD,1,,,,,,,,,
2004/12,SURGE,1,,,2,,10,,,,
2004/12,THUNDER STORM,1,2,,,,,4,,,
2005/00,ACCIDENT,1,2,,,,,,,,
2005/00,CONFLICT MAN WILD FAUNA,37,20,6,6,85,,6,,,
2005/00,DROUGHT,117,1,,,,,20179,572399,,
2005/00,EPIDEMIC,44,1030,,,,,6479,1030283,,
2005/00,FIRE,4,,,,55,,,,,
2005/00,FLASH FLOOD,16,6,13,,5,,,88906,,2
2005/00,FLOOD,7,,,,,,,39530,,
2005/00,FOREST FIRE,7,,,,,,,,,
2005/00,HAILSTORM,1,,,,,,,,,
2005/00,HEAT WAVE,1,,,,,,,,,
2005/00,PLAGUE,10,,,,,,,,,
2005/00,RAINS,4,2,3,,,,,20,,
2005/00,STORM,1,,,,81,,,,,
2005/00,STRONG WIND,6,7,8,19,912,,,4,,
2005/01,ACCIDENT,1,1,,,,,1,,,
2005/01,CONFLICT MAN WILD FAUNA,1,,,,,,,,,
2005/01,DROUGHT,5,,,,,,,23101,,
2005/01,EPIDEMIC,2,,,,,,,2376,,
2005/01,FLASH FLOOD,8,,,,470,47,211,32500,,
2005/01,FOREST FIRE,1,,,,5,,,,,
2005/01,PLAGUE,3,,,,,,,,,
2005/01,RAINS,4,4,2,,400,,,2000,,
2005/01,STORM,3,,,,1054,,,5272,,
2005/02,DROUGHT,2,,,,,,,21382,,
2005/02,EPIDEMIC,1,2,,,,,,9861,,
2005/02,FLASH FLOOD,6,8,,,4,,,19261,,
2005/02,FLOOD,2,,,,,554,,13124,,
2005/03,EPIDEMIC,3,4,,,,,,262,,
2005/03,FLASH FLOOD,1,74,,,,,,154890,,
2005/03,FLOOD,1,1,,,,,,,,
2005/03,STRONG WIND,2,,,,,80,,,,
2005/04,CONFLICT MAN WILD FAUNA,2,,4,,,,19,4,,
2005/04,FLOOD,1,2,,1,5,9,,,,
2005/04,HAILSTORM,1,,,,,,,,,
2005/04,PLAGUE,3,,,,,,,,,
2005/04,STORM,2,2,10,,207,17,,,,
2005/04,STRONG WIND,3,1,4,,260,48,31,865,,
2005/05,CONFLICT MAN WILD FAUNA,2,,,,,,,,,
2005/05,DROUGHT,9,,,,,,,43525,,
2005/05,EPIDEMIC,3,3,,,,,,282,,
2005/05,FOREST FIRE,1,,,,,,,,,
2005/05,HAILSTORM,1,,,,289,,,1465,,
2005/05,STORM,3,,,,669,3,,2690,,
2005/05,STRONG WIND,1,,,,,,,,,
2005/06,DROUGHT,7,6,,,,,,183688,,
2005/06,FLASH FLOOD,6,,,,,,,,,
2005/07,CONFLICT MAN WILD FAUNA,1,1,,,,,,,,
2005/07,DROUGHT,4,,,,,,,26498,,
2005/07,FLOOD,1,,,,,,,,,
2005/08,ACCIDENT,1,3,,,,,,10,,
2005/08,FIRE,1,,,,,,,,,
2005/08,FOREST FIRE,1,,,,5,,,,,
2005/09,BIOLOGICAL,1,,,,,,,,,
2005/09,CONFLICT MAN WILD FAUNA,5,1,,,,,,,,
2005/09,DROUGHT,1,,,,,,,8000,,
2005/09,PLAGUE,2,,,,,,8,8,,
2005/09,STRONG WIND,1,,,,,,,,,
2005/10,ACCIDENT,1,2,,,,,4,4,,
2005/10,CONFLICT MAN WILD FAUNA,2,5,,,,1,,,,
2005/10,DROUGHT,68,12,,,,,36997,383813,,
2005/10,FOREST FIRE,1,,,,,,,,,
2005/11,CONFLICT MAN WILD FAUNA,1,,,,1,,,,,
2005/11,DROUGHT,8,,,,,,,37239,,
2005/11,FLOOD,1,,,,,,,4141,,
2005/11,FOREST FIRE,3,,,,1,,,210,,
2005/11,STRONG WIND,3,4,,,,,,,,
2005/12,CONFLICT MAN WILD FAUNA,1,,1,,,,,,,
2005/12,DROUGHT,2,2,,,,,,6878,,
2005/12,EPIDEMIC,1,2,,,,,,,,
2005/12,FIRE,1,2,,,,,,5,,
2005/12,FLASH FLOOD,1,3,,,30,,,250,100,
2005/12,FLOOD,1,,,,,,,,,
2005/12,FOREST FIRE,1,,,,1,,,5,,
2005/12,OTHER,1,7,,,,,8,19,,
2005/12,RAINS,1,,,,,,,,,
2005/12,STORM,10,2,12,,2119,2,,26342,,
2005/12,STRONG WIND,12,9,,,130,1904,,346,,
2005/12,TROP. DEPRESS.,1,,,,,,,,,
2006/00,ALLUVION,2,,,,253,,,,,
2006/00,CONFLICT MAN WILD FAUNA,31,36,9,,35,,2,63,,
2006/00,DROUGHT,56,,,,,,57162,500585,,
2006/00,EPIDEMIC,63,686,,,,,11704,1016825,,
2006/00,FIRE,3,,,,5,,,,,
2006/00,FLASH FLOOD,23,,,,,148,,73973,1983,
2006/00,FLOOD,24,,,,55,,10,109700,46326,
2006/00,FOREST FIRE,15,3,,,136,,,207,,
2006/00,PLAGUE,24,1,,,,,2,,,
2006/00,RAINS,3,,,,,,,,,
2006/00,STORM,1,,,,185,,,905,,
2006/00,STRONG WIND,6,1,,,432,,,122,,
2006/01,ACCIDENT,1,,,,,,,,,
2006/01,CONFLICT MAN WILD FAUNA,2,2,,,,,2,,,
2006/01,EPIDEMIC,1,5,,,,,,153,,
2006/01,FLASH FLOOD,6,,3,,100,14,,,,
2006/01,FLOOD,2,,,,700,,,12269,,
2006/01,LIGHTNING,2,2,,,,,,,,
2006/01,PLAGUE,4,,,,,,,83,,
2006/01,RAINS,9,3,,,26,,,100,,
2006/01,STRONG WIND,2,,,,,,,,,
2006/02,CONFLICT MAN WILD FAUNA,3,5,5,,2,,1,,,
2006/02,DROUGHT,2,,,,,,,24334,,
2006/02,EARTHQUAKE,4,4,36,,288,12,,1440,,
2006/02,EPIDEMIC,2,,,,,,,518,,
2006/02,FLASH FLOOD,5,,,,104,,,10031,,
2006/02,FLOOD,1,1,,,,,,,,
2006/02,HEAT WAVE,4,,,,,,,,,
2006/02,PLAGUE,1,,,,,,,,,
2006/02,RAINS,2,,,,,,,,,
2006/03,ACCIDENT,1,2,,,,,,,,
2006/03,ALLUVION,1,2,,,2,6,,,,
2006/03,CONFLICT MAN WILD FAUNA,1,,,,,,,525,,
2006/03,DROUGHT,1,,,,,,1000,39240,,
2006/03,EPIDEMIC,4,16,,,,,,12010,,
2006/03,FIRE,2,1,,,5,,,25,,
2006/03,FLASH FLOOD,11,,,,,4,,1090,,
2006/03,FLOOD,8,2,,,10,5,,2643,,19
2006/03,PLAGUE,4,,,,,,,,,
2006/03,RAINS,2,,,,4,,,,,
2006/03,STORM,5,,2,,566,115,,2160,,
2006/03,STRONG WIND,4,,,,65,410,,,,
2006/04,BIOLOGICAL,1,,,,,,,,,
2006/04,CONFLICT MAN WILD FAUNA,5,,,,,,,12,,
2006/04,DROUGHT,4,,,,,,,,,
2006/04,FLASH FLOOD,1,,,,,,,,,
2006/04,FOREST FIRE,1,,,,,,,,,
2006/04,PLAGUE,2,,,,,,,,,
2006/04,STORM,1,,,,30,,,150,,
2006/05,CONFLICT MAN WILD FAUNA,5,1,,,,,,,,
2006/05,RAINS,1,,,,,,,,,
2006/06,DROUGHT,1,108,,,,,,18800,,
2006/06,FLOOD,1,,,,5,,,11141,,
2006/06,FOREST FIRE,4,,,,113,,,,,
2006/06,PLAGUE,2,,,,,,,,,
2006/07,BIOLOGICAL,1,,,,,,,,,
2006/07,CONFLICT MAN WILD FAUNA,4,4,,,,,,,,
2006/07,EPIDEMIC,1,5,,,,,,100,,
2006/07,FIRE,1,,,,1,,,,,
2006/07,FOREST FIRE,1,,,,,,,,,
2006/07,PLAGUE,2,,,,,,,,,
2006/08,BIOLOGICAL,4,,,,,,,,,
2006/08,FOREST FIRE,3,,,,71,,,24,,
2006/08,HAILSTORM,1,,,,,,,,,
2006/08,PLAGUE,1,,,,,,,,,
2006/09,BIOLOGICAL,3,,,,,,,,,
2006/09,CONFLICT MAN WILD FAUNA,2,,,,,,,,,
2006/09,FIRE,7,6,1,,50,817,,3750,,
2006/09,FOREST FIRE,7,,,,72,,,296,,
2006/09,PLAGUE,2,,,,,,28,28,,
2006/09,STRONG WIND,3,,,,79,,,,,
2006/10,BIOLOGICAL,2,,,,,,,,,
2006/10,CONFLICT MAN WILD FAUNA,6,1,,,,,,7376,,
2006/10,DROUGHT,11,,,,,,,31934,,
2006/10,FIRE,6,1,,,3,6,12,,,
2006/10,FLOOD,2,,,,,,,7500,,
2006/10,FOREST FIRE,12,,,,57,,,,,
2006/10,PLAGUE,1,,,,,,,7,,
2006/11,CONFLICT MAN WILD FAUNA,2,5,1,,,,,,,
2006/11,CYCLONE,1,,,,,,,,,
2006/11,EARTHQUAKE,1,,,,,,,,,
2006/11,FIRE,3,,,,462,,,60,,
2006/11,FLASH FLOOD,1,,,,150,40,,,,
2006/11,STORM,2,,,,47,,,233,,
2006/11,STRONG WIND,4,,,,90,750,,,,
2006/12,CONFLICT MAN WILD FAUNA,1,,,,,,,,,
2006/12,DROUGHT,1,,,,,,,,,
2006/12,FLASH FLOOD,5,8,,,234,,,1136,,
2006/12,FLOOD,4,,,,,,,27700,,
2006/12,FOREST FIRE,1,,,,,,,,,
2006/12,LIGHTNING,1,3,,,,,,3,,
2006/12,STORM,8,5,,,2760,16,,9675,,
2006/12,STRONG WIND,8,,,,95,,,293,,
2006/12,THUNDER STORM,1,,,,,,,,,
2007/00,ALLUVION,1,,,,,,,,,
2007/00,BIOLOGICAL,1,,,,,,,,,
2007/00,CONFLICT MAN WILD FAUNA,52,79,45,,,,1,14139,,
2007/00,CYCLONE,2,,,,,,,,,
2007/00,DROUGHT,38,,,,,,12700,220296,,
2007/00,EPIDEMIC,82,639,,,,,12897,865423,,
2007/00,FIRE,4,,,,7,,,,,
2007/00,FLASH FLOOD,23,50,,,3237,13,,348818,117630,
2007/00,FLOOD,45,12,,,3830,1101,,487792,,
2007/00,FOREST FIRE,27,1,,,98,,,,,
2007/00,PLAGUE,31,,,,,,41,47,,
2007/00,RAINS,15,9,,,1146,,,8855,,
2007/00,STORM,5,2,2,,44,101,,,,
2007/00,STRONG WIND,10,,,,1,60,,,,
2007/01,DROUGHT,2,,,,,,,103013,,
2007/01,EPIDEMIC,1,,,,,,,2096,,
2007/01,FLASH FLOOD,8,2,,,108,254,,33587,,
2007/01,FLOOD,15,22,,,22,,,117892,,
2007/01,FOREST FIRE,2,,,,,,,,,
2007/01,LANDSLIDE,1,1,,,,,5,5,,
2007/01,PLAGUE,1,,,,,,,,,
2007/01,RAINS,9,1,,,4485,71,,16290,,
2007/01,STORM,3,,,,2142,272,,20006,,
2007/01,STRONG WIND,3,,,,,,,,,
2007/01,THUNDER STORM,1,,,,,,,8,,
2007/02,CONFLICT MAN WILD FAUNA,2,1,,,,,1,,,
2007/02,CYCLONE,20,56,134,,8637,12666,5,154997,,
2007/02,DROUGHT,3,,,,,,,13359,,
2007/02,EPIDEMIC,6,5,,,,,26,4164,,
2007/02,FLASH FLOOD,6,,,,,,,14394,,
2007/02,FLOOD,11,9,,,1552,8786,,107672,,
2007/02,RAINS,4,,,,191,,,930,,
2007/02,STORM,3,1,,,,16,,,,
2007/02,STRONG WIND,5,,,,2,,,,,
2007/03,CONFLICT MAN WILD FAUNA,3,,,,,,,,,
2007/03,CYCLONE,3,5,1,,35,424,,39115,,
2007/03,DROUGHT,2,,,,,,,18240,,
2007/03,EPIDEMIC,1,5,,,,,,99,,
2007/03,FLASH FLOOD,7,7,,,519,100,,18446,,4
2007/03,FLOOD,5,,,,,20,,89516,,
2007/03,PLAGUE,3,,,,,,,,,
2007/03,STRONG WIND,4,3,5,,868,,,86,,
2007/04,CONFLICT MAN WILD FAUNA,5,38,17,,2,,4,702,,
2007/04,DROUGHT,1,,,,,,,1214,,
2007/04,EPIDEMIC,1,7,,,,,,39791,,
2007/04,FLASH FLOOD,2,,,,44,,,11600,,
2007/04,FOREST FIRE,1,,,,35,,,,,
2007/04,PLAGUE,1,,,,,,,,,
2007/04,STORM,5,4,2,,292,214,,3323,,
2007/05,CONFLICT MAN WILD FAUNA,2,,,,,,,,,
2007/05,CYCLONE,1,1,6,5,112,63,,875,,
2007/05,FOREST FIRE,1,,,,,,,,,
2007/05,STRONG WIND,1,,2,,43,103,,,,
2007/06,CONFLICT MAN WILD FAUNA,3,2,,,1,,3,,,
2007/06,EPIDEMIC,2,4,,,,,,223,,
2007/06,PLAGUE,4,,,,,,,75,,
2007/06,STORM,1,,,,,,,,,
2007/07,BIOLOGICAL,1,,,,,,,,,
2007/07,CONFLICT MAN WILD FAUNA,2,30,,,19,,,,,
2007/07,CYCLONE,1,,,,,,,,,
2007/07,FIRE,1,,,,,,,,,
2007/07,FOREST FIRE,1,,,,18,,,,,
2007/07,PLAGUE,1,,,,,,,,,
2007/08,CONFLICT MAN WILD FAUNA,1,,,,,,,,,
2007/08,DROUGHT,5,,,,,,,66233,,
2007/08,FLOOD,2,3,,,,,,22515,,
2007/08,FOREST FIRE,13,,1,,39,,,,,
2007/08,PLAGUE,1,,,,,,,,,
2007/09,BIOLOGICAL,1,,,,,,,,,
2007/09,CONFLICT MAN WILD FAUNA,4,1,,,,,,,,
2007/09,DROUGHT,1,,,,,,,,,
2007/09,FIRE,2,,,,8,3,,,,
2007/09,FLOOD,1,,,,,,,,,
2007/09,FOREST FIRE,11,,,2,74,,,,,
2007/09,PLAGUE,1,,,,,,,,,
2007/10,CONFLICT MAN WILD FAUNA,1,1,1,,,,,,,
2007/10,EXPLOSION,1,,,,,,,900,,
2007/10,FIRE,2,,,,,,,,,
2007/10,FOREST FIRE,3,,,,4,,,,,
2007/10,PLAGUE,2,,,,,,,,,
2007/10,STORM,1,,,,,,,,,
2007/10,STRONG WIND,1,,,,,1,,,,
2007/11,CONFLICT MAN WILD FAUNA,2,,,,,,,,,
2007/11,CYCLONE,1,1,5,4,2794,,,13970,,
2007/11,DROUGHT,1,,,,,,,,,
2007/11,EARTHQUAKE,1,,,,,,,,,
2007/11,FIRE,1,,,,1,,,,,
2007/11,FLASH FLOOD,1,,,,109,,,5000,,
2007/11,FLOOD,1,,,,,16,,,,
2007/11,FOREST FIRE,6,8,,,124,,,,,
2007/11,LIGHTNING,1,5,,,1,,,,,
2007/11,PLAGUE,1,,,,,,,,,
2007/11,STORM,2,3,,,2,6,,3500,,
2007/11,STRONG WIND,4,1,,,698,85,,249,,
2007/12,ALLUVION,2,,,,,,,,,
2007/12,CONFLICT MAN WILD FAUNA,2,1,1,,,,,500,,
2007/12,EPIDEMIC,16,74,,,,,3653,7452,,
2007/12,FIRE,2,,,,21,22,100,,,
2007/12,FLASH FLOOD,15,3,,,941,513,1450,64213,,
2007/12,FLOOD,9,3,,,538,7229,,40382,,7500
2007/12,FOREST FIRE,1,,,,,,,,,
2007/12,PLAGUE,1,,,,,,,,,
2007/12,RAINS,7,3,,1,542,,,865,,
2007/12,STORM,6,5,,2,236,14,,1732,,
2007/12,STRONG WIND,1,,,,,,,,,
2008/00,BIOLOGICAL,1,,,,,,,,,
2008/00,CONFLICT MAN WILD FAUNA,37,66,52,,,,7,97,,
2008/00,DROUGHT,14,,,,,,181,131697,,
2008/00,EPIDEMIC,78,677,,,,,18954,549206,,
2008/00,FIRE,6,,,,27,,,50,,
2008/00,FLASH FLOOD,23,1,,,465,30,,15046,,234
2008/00,FLOOD,17,37,,,33,,,176320,,
2008/00,FOREST FIRE,17,2,,,106,,,,,
2008/00,LANDSLIDE,1,1,,,,,,,,
2008/00,LIGHTNING,1,1,,,1,,,,,
2008/00,PLAGUE,37,,,,,,70,286,,
2008/00,RAINS,11,2,,,565,22,,,,
2008/00,STORM,1,,,,3,21,,,,
2008/00,STRONG WIND,6,2,1,,19,,,,,
2008/00,THUNDER STORM,1,2,3,,5,,,,,
2008/01,ALLUVION,1,,,,,,,,,
2008/01,CONFLICT MAN WILD FAUNA,8,39,3,,3,,,,,
2008/01,EPIDEMIC,9,8,,,,,,22038,,
2008/01,FIRE,2,,,,2,1,,5,,
2008/01,FLASH FLOOD,11,7,,,381,143,,34251,,
2008/01,FLOOD,28,30,,,209,80,1770,157313,4550,
2008/01,FOREST FIRE,2,,,,,,,,,
2008/01,PLAGUE,7,,,,,,,,,
2008/01,RAINS,10,,,,56,12,,,,
2008/01,STRONG WIND,5,,,,,,,,,
2008/02,ALLUVION,2,,,,,,,,,
2008/02,CONFLICT MAN WILD FAUNA,5,,3,,,,,,,
2008/02,DROUGHT,1,,,,,,,,,
2008/02,EARTHQUAKE,1,,,,,,,,,
2008/02,EPIDEMIC,16,150,,,,,152,11644,,
2008/02,FLASH FLOOD,3,,,,723,,,106339,24418,39864
2008/02,FLOOD,3,,,,,,,750,,
2008/02,PLAGUE,3,,3,,,,,,,
2008/02,RAINS,3,1,,,21,,,,,
2008/02,STORM,1,2,,,1,,,,,
2008/02,STRONG WIND,1,,3,,156,11,,300,,
2008/03,CONFLICT MAN WILD FAUNA,6,4,6,1,,,,8,,
2008/03,CYCLONE,36,41,69,9,75714,12922,17390,2367517,,
2008/03,EPIDEMIC,3,19,,,,,10,37018,,
2008/03,FIRE,2,,,,,,,,,
2008/03,FLASH FLOOD,3,,,,,,,28300,,
2008/03,FLOOD,2,,,,,,,,,
2008/03,PLAGUE,2,,3,,,,,,,
2008/03,RAINS,1,,,,,,,,,
2008/04,CONFLICT MAN WILD FAUNA,3,,,,,,,,,
2008/04,DROUGHT,5,,,,,,,76943,,
2008/04,EPIDEMIC,5,,,,,,,17850,,
2008/04,FIRE,2,,,,2,,,,,
2008/04,FOREST FIRE,1,1,,,106,,,,,
2008/04,PLAGUE,1,,,,,,,,,
2008/04,RAINS,2,,,,22,,,,,
2008/04,STRONG WIND,1,,,,,,,,,
2008/05,CONFLICT MAN WILD FAUNA,3,,1,,,,,,,
2008/05,DROUGHT,1,,,,,,,,,
2008/05,PLAGUE,3,,,,,,,,,
2008/05,RAINS,2,3,,,265,,,,,
2008/06,CONFLICT MAN WILD FAUNA,3,2,,,,,,,,
2008/06,FIRE,1,,,,33,,,172,,
2008/06,FOREST FIRE,2,,,,,,,,,
2008/06,PLAGUE,2,,,,,,,,,
2008/07,CONFLICT MAN WILD FAUNA,2,1,,,,,,,,
2008/07,FIRE,1,,,,20,,,,,
2008/07,FOREST FIRE,2,,,,,,,,,
2008/08,CONFLICT MAN WILD FAUNA,6,,13,,1,16,,115,,
2008/08,FIRE,9,,,,47,19,172,,,
2008/08,FLASH FLOOD,1,,,,,,,,,
2008/08,FLOOD,1,,,,,,,,,
2008/08,FOREST FIRE,12,,,,382,,,530,,
2008/08,PLAGUE,1,,,,,,,1286,,
2008/08,STRONG WIND,1,2,,,,61,,7111,,
2008/09,BIOLOGICAL,1,,,,,,,,,
2008/09,FIRE,3,,,,20,13,,200,,
2008/09,FLOOD,1,,,,,,,,,
2008/09,FOREST FIRE,34,43,315,5,3712,13,,19390,,
2008/09,PLAGUE,1,,,,,,,,,
2008/09,RAINS,1,,,,,,,,,
2008/09,STORM,2,17,1,,64,,,,,
2008/09,STRONG WIND,3,1,4,,26,,,,,
2008/10,CONFLICT MAN WILD FAUNA,4,,1,,,,,18843,,
2008/10,CYCLONE,1,,,,8,,,250,,
2008/10,DROUGHT,18,7,,,,,,65663,,
2008/10,EPIDEMIC,2,16,,,,,,2428,,
2008/10,FIRE,8,,,,66,,,49,,
2008/10,FLASH FLOOD,1,,,,785,,,,451,
2008/10,FOREST FIRE,2,,,,7,,,,,
2008/10,RAINS,1,,,,305,,,1525,,
2008/10,STORM,2,,,,4,55,,296,,
2008/10,THUNDER STORM,1,,1,,,,1,,,
2008/11,CONFLICT MAN WILD FAUNA,3,7,10,,,,,,,
2008/11,DROUGHT,3,,,,,,,34939,,
2008/11,EPIDEMIC,3,,,,,,,2363,,
2008/11,FIRE,2,,,,9,,,,,
2008/11,FLOOD,1,,,,,,,,,
2008/11,FOREST FIRE,5,,,,6,,,,,
2008/11,LANDSLIDE,1,,,,7,,,,,
2008/11,PLAGUE,1,,,,,,,,,
2008/11,RAINS,8,,,,588,,,,,
2008/11,STORM,2,2,1,,12,,,,,
2008/11,STRONG WIND,3,,,,8,,,,,
2008/12,ALLUVION,1,,,,143,,,,,
2008/12,CONFLICT MAN WILD FAUNA,4,,4,,,,,2,,
2008/12,DROUGHT,2,,,,,,,6549,,
2008/12,EPIDEMIC,1,15,,,,,598,598,,
2008/12,FLASH FLOOD,6,3,,,44,159,,2596,,
2008/12,FLOOD,2,3,,,,,,,,
2008/12,FOREST FIRE,4,,,,,,,,,
2008/12,RAINS,8,2,1,,386,188,15,,15,
2008/12,STORM,3,1,,,54,28,,,,
2008/12,STRONG WIND,1,,,,59,,,,,
2009/00,ACCIDENT,2,3,,,,,,16,,
2009/00,ALLUVION,2,,,,,,,,,
2009/00,BIOLOGICAL,1,,,,,,,,,
2009/00,CONFLICT MAN WILD FAUNA,38,25,20,1,,,,73841,,
2009/00,DROUGHT,19,,,,,,,104625,,
2009/00,EPIDEMIC,21,103,,,,,539,41385,,
2009/00,FIRE,3,,,,9,,,,,
2009/00,FLASH FLOOD,4,,,,,20,150,620,20,
2009/00,FLOOD,3,5,,,11,819,,1086,,
2009/00,FOREST FIRE,9,,,,29,,,,,
2009/00,LANDSLIDE,1,1,,,,,,3,,
2009/00,LIGHTNING,1,3,,,,,12,,,
2009/00,PLAGUE,5,,,,,,,,,
2009/00,RAINS,3,,,,,,,,,
2009/00,STRONG WIND,2,,,,234,,,,,
2009/01,ALLUVION,1,,,,98,,,,,
2009/01,CONFLICT MAN WILD FAUNA,16,22,6,,,,,3505,,1
2009/01,DROUGHT,4,,,,,,,400,,
2009/01,EPIDEMIC,26,342,,,,,1427,54084,,
2009/01,FIRE,3,1,4,,4,,5,,,
2009/01,FLASH FLOOD,12,1,,,,,,595,,246
2009/01,FLOOD,1,,,,,,24,,,
2009/01,FOREST FIRE,1,1,,,396,,,2050,,
2009/01,LIGHTNING,3,3,,,2,,,9,,
2009/01,PLAGUE,9,,,,,,,,,
2009/01,RAINS,4,2,2,,564,,,,,
2009/01,STORM,13,1,,,508,109,,1867,,
2009/01,STRONG WIND,5,,,,15,4,,75,,
2009/02,ALLUVION,3,,,,1,35,,895,,
2009/02,CONFLICT MAN WILD FAUNA,3,3,,,,,,23,,
2009/02,DROUGHT,4,,,,,,,37327,,
2009/02,EPIDEMIC,4,12,,,,,7,585,,
2009/02,FLASH FLOOD,7,,,,,,,2919,,
2009/02,PLAGUE,9,,,,,,,,,
2009/02,RAINS,1,,,,,,,,,
2009/02,STORM,2,1,7,,41,186,,1125,,
2009/03,ALLUVION,2,,,,,,,,,
2009/03,CONFLICT MAN WILD FAUNA,4,1,,,,,,1,,
2009/03,DROUGHT,6,8,,,,,,94596,,
2009/03,FIRE,2,,,,1,,,7,,
2009/03,FLASH FLOOD,11,1,,,294,382,,5102,458,
2009/03,FLOOD,1,,,,,,,359,,
2009/03,FOREST FIRE,1,,,,,,,,,
2009/03,LIGHTNING,1,1,,,,,,,,
2009/03,PLAGUE,5,,,,,,,,,
2009/03,STORM,7,6,,,1324,325,1770,4740,,
2009/03,STRONG WIND,1,,,,,,,17,,
2009/04,CONFLICT MAN WILD FAUNA,9,9,3,,,,,6511,,
2009/04,EPIDEMIC,4,4,,,,,,3886,,
2009/04,FLASH FLOOD,2,1,,,,,,,,
2009/04,OTHER,1,,5,,,,,,,
2009/04,PLAGUE,1,,,,,,,,,
2009/04,RAINS,1,,,,10,,,,,
2009/04,STORM,1,,,,9,168,,45,,
2009/05,CONFLICT MAN WILD FAUNA,5,2,6,,,,,,,
2009/05,EPIDEMIC,1,1,,,,,,10,,
2009/05,FIRE,1,,,,7,,,30,,
2009/05,FOREST FIRE,1,,,,,,,,,
2009/05,OTHER,1,8,,,,,8,,,
2009/05,PLAGUE,1,,,,,,,,,
2009/05,STORM,6,,1,,,225,,,,
2009/05,STRONG WIND,1,,,,,,,,,
2009/06,CONFLICT MAN WILD FAUNA,6,25,18,,,,,17,,
2009/06,PLAGUE,1,,,,,,,,,
2009/07,CONFLICT MAN WILD FAUNA,3,,,,8,,,600,,
2009/07,EPIDEMIC,1,1,,,,,,2008,,
2009/07,FLOOD,1,4,,,3050,,,23240,,
2009/07,FOREST FIRE,4,,,,64,,,,,
2009/07,LANDSLIDE,1,1,3,,,,,,,
2009/07,PLAGUE,1,,,,,,,,,
2009/08,ACCIDENT,2,18,,3,,,,48,,
2009/08,CONFLICT MAN WILD FAUNA,4,2,1,,,,,,,
2009/08,FOREST FIRE,4,,,,4,,,,,
2009/08,OTHER,1,,9,,,,,,,
2009/08,PLAGUE,1,,,,,,,,,
2009/09,BIOLOGICAL,1,,,,,,,15,,
2009/09,CONFLICT MAN WILD FAUNA,4,1,,,,,19505,,,
2009/09,EPIDEMIC,2,2,,,,,,654,,
2009/09,FIRE,3,2,3,,14,21,,,,
2009/09,FLOOD,1,,,,,,,1900,,
2009/09,FOREST FIRE,7,4,5,,9,30,27,399,,
2009/09,STRONG WIND,3,,,,6,,,14,,
2009/10,EPIDEMIC,4,1,13,,,,,3725,,
2009/10,FIRE,1,,,,4,,,,,
2009/10,FOREST FIRE,4,,,,2,15,,37,,
2009/10,PLAGUE,1,,,,,,,,,
2009/10,STORM,2,,,,,13,,,,
2009/11,CONFLICT MAN WILD FAUNA,2,,,,,,,,,
2009/11,EPIDEMIC,1,2,,,,,,255,,
2009/11,FIRE,2,,,,2,,54,,,
2009/11,FLASH FLOOD,1,,,,,,,,,
2009/11,FOREST FIRE,1,,,,,,,,,
2009/11,STORM,4,,,,15,42,,,,
2009/11,STRONG WIND,2,,,,,228,,,,
2009/12,ALLUVION,1,,,,,,,,,
2009/12,CONFLICT MAN WILD FAUNA,1,,,,2,,,5,,
2009/12,FIRE,2,,,,,,,,,
2009/12,FLOOD,1,,,,,,,797,,
2009/12,STORM,8,5,1,,735,58,2,890,,
2009/12,STRONG WIND,1,,,,2,5,,35,,
2009/12,THUNDER STORM,2,,2,,2,,2,,,
2010/01,DROUGHT,9,,,,,,,86581,,
2010/02,FLASH FLOOD,3,1,,,88,,,8605,,
2010/02,STORM,1,,,,,3,,,,
2010/03,CONFLICT MAN WILD FAUNA,2,,,,,,,,,
2010/03,FLASH FLOOD,3,,,,33,,,165,,
2010/03,STORM,1,,,,,,,,,
2010/10,FIRE,8,,,,23,,23,178,,
2010/10,FOREST FIRE,1,2,,,5,,,,,
2010/10,LIGHTNING,1,2,,,,,,,,
2010/10,STORM,7,2,11,,196,1107,,6766,,
2010/11,ALLUVION,3,2,,,35,1,,,,
2010/11,EPIDEMIC,2,5,,,,,139,,,
2010/11,FIRE,1,,2,,,,1,,,
2010/11,STRONG WIND,1,,,,6,,,56,,
2010/12,ACCIDENT,1,1,,,,,,,,
2010/12,ALLUVION,3,,,,23,21,,170,,
2010/12,CONFLICT MAN WILD FAUNA,1,,2,,,,2,,,
2010/12,FIRE,3,2,,,9,,,4,,
2010/12,FLASH FLOOD,1,,,,77,,,,,
2010/12,FLOOD,1,,,,12,,,,,
2010/12,LIGHTNING,1,3,2,,,,,,,
2010/12,RAINS,1,,,,3,,,,,
2010/12,STORM,7,,,,25,59,4,370,,
2010/12,STRONG WIND,5,1,11,,360,116,,376,,
2011/01,ALLUVION,6,,,,3,2122,,10118,245,55
2011/01,CONFLICT MAN WILD FAUNA,2,3,,,,,,,,
2011/01,FIRE,1,,,,1,,,5,,
2011/01,FLASH FLOOD,15,6,,,25,69,,115356,615,7615
2011/01,LIGHTNING,3,2,1,,1,,,4,,
2011/01,PLAGUE,1,,,,,,,,,
2011/01,RAINS,1,,,,8,,,40,,
2011/01,STORM,8,1,1,,28,10,,113,,
2011/02,ACCIDENT,1,,,,,,10,,,
2011/02,ALLUVION,1,,,,10,18,,140,,
2011/02,EPIDEMIC,1,,,,,,23,,,
2011/02,FIRE,1,,,,,,,7,,
2011/02,FLASH FLOOD,8,,,,26,252,1121,15237,394,1207
2011/02,RAINS,1,,,,7,,,41,,
2011/03,ACCIDENT,1,,,,,,3,,,
2011/03,EPIDEMIC,1,1,,,,,1,,,
2011/03,HEAT WAVE,1,,,,,,,,,
2011/03,STORM,2,,,,11,,,,,
2011/09,FIRE,1,,,,,,1,,,
2011/09,FOREST FIRE,1,1,,,7,,,48,,
2011/10,FIRE,1,,,,1,,,,,
2011/10,HAILSTORM,1,,4,,,95,,475,,
2011/10,STORM,2,1,10,,1244,133,,6975,,
2011/11,HAILSTORM,1,,7,,,380,,1900,,
2011/11,STORM,4,2,5,,106,44,,279,,
2011/11,STRONG WIND,3,2,4,,12,588,5,2500,,10
2011/12,FLASH FLOOD,1,,,,,80,,,,
2011/12,LIGHTNING,2,4,1,,,,,,,
2011/12,STORM,1,2,,,72,13,,356,,
2011/12,STRONG WIND,4,,,,70,267,,1235,,
2012/01,ALLUVION,1,,,,2,82,,,,
2012/01,CYCLONE,9,3,8,,116,2287,,,,
2012/01,FIRE,1,,,,1,,,3,,
2012/01,FLASH FLOOD,20,18,15,,1109,4041,,30160,1406,377
2012/01,FOREST FIRE,1,,,,10,,,,,
2012/01,LIGHTNING,1,1,,,,,,,,
2012/01,STORM,14,18,13,,5004,266,,10330,,
2012/02,ALLUVION,1,3,11,,50,183,,1160,,
2012/02,FLASH FLOOD,1,,,,,,,,,
2012/02,STORM,1,,,,8,45,,,,
2012/02,STRONG WIND,3,,7,,,6,,30,,
2012/03,ACCIDENT,1,1,,,,,,,,
2012/03,ALLUVION,1,,,,9,,,45,,
2012/03,EPIDEMIC,1,,,,,,7,,,
2012/03,FLASH FLOOD,1,,,,,,,615,,
2012/03,STORM,4,,13,,83,912,30,2450,,
2012/03,STRONG WIND,1,,,,,29,,,,
2012/03,THUNDER STORM,1,2,,,1,,2,,,
2012/07,DROUGHT,4,,,,,,,2750,,
2012/07,FIRE,2,,,,4,,,15,,
2012/08,FIRE,2,,1,,10,,,80,,
2012/08,FOREST FIRE,3,,,,14,9,1,,,
2012/09,CONFLICT MAN WILD FAUNA,1,,2,,,,,,,
2012/09,FIRE,2,,,,10,3,,53,,
2022/11,FLOOD,1,19600,,,,,,,,
TOTAL,,5076,131603,1762,673,586773,181038,1089823,35263350,720441,704864
